[0.000000] (-) TimerEvent: {}
[0.000123] (sonia_common_ros2) JobQueued: {'identifier': 'sonia_common_ros2', 'dependencies': OrderedDict()}
[0.000167] (sonia_common_ros2) JobStarted: {'identifier': 'sonia_common_ros2'}
[0.033904] (sonia_common_ros2) JobProgress: {'identifier': 'sonia_common_ros2', 'progress': 'cmake'}
[0.034933] (sonia_common_ros2) JobProgress: {'identifier': 'sonia_common_ros2', 'progress': 'build'}
[0.034999] (sonia_common_ros2) Command: {'cmd': ['/usr/local/MATLAB/R2024a/bin/glnxa64/cmake/bin/cmake', '--build', '/home/nimai/ros2_sonia_ws/src/sonia_common_ros2/matlab_msg_gen/glnxa64/build/sonia_common_ros2', '--', '-j8', '-l8'], 'cwd': '/home/nimai/ros2_sonia_ws/src/sonia_common_ros2/matlab_msg_gen/glnxa64/build/sonia_common_ros2', 'env': OrderedDict([('LESSOPEN', '| /usr/bin/lesspipe %s'), ('ARCH', 'glnxa64'), ('VSCODE_CWD', '/home/nimai/ros2_sonia_ws/src/control_library'), ('LANGUAGE', 'en_CA:en'), ('CUSTOM_LD_LIBRARY_PATH', ''), ('USER', 'nimai'), ('SNAP_COMMON', '/var/snap/code/common'), ('ROS_MAVEN_DEPLOYMENT_REPOSITORY', '/home/nimai/.m2/repository/'), ('LOCAL_PYTHON_VENV_PATH', '/home/nimai/.matlab/R2024a/ros2/glnxa64/venv'), ('VSCODE_NLS_CONFIG', '{"locale":"en-gb","osLocale":"en-ca","availableLanguages":{},"_languagePackSupport":true}'), ('MEMKIND_HEAP_MANAGER', 'TBB'), ('MATLAB_LOG_DIR', '/tmp/matlabls_36804'), ('GIO_MODULE_DIR', '/home/nimai/snap/code/common/.cache/gio-modules'), ('VSCODE_HANDLES_UNCAUGHT_ERRORS', 'true'), ('CUSTOM_AMENT_PREFIX_PATH', '/home/nimai/ros2_sonia_ws/src/sonia_common_ros2/matlab_msg_gen/glnxa64/install:/usr/local/MATLAB/R2024a/sys/ros2/glnxa64/ros2'), ('XDG_SESSION_TYPE', 'wayland'), ('SNAP_UID', '1000'), ('KMP_HANDLE_SIGNALS', '0'), ('SHLVL', '2'), ('ICU_TIMEZONE_FILES_DIR', '/usr/local/MATLAB/R2024a/bin/icutzdata'), ('LD_LIBRARY_PATH', ':/usr/local/MATLAB/R2024a/sys/ros2/glnxa64/ros2/lib:/usr/local/MATLAB/R2024a/sys/opengl/lib/glnxa64:/usr/local/MATLAB/R2024a/sys/os/glnxa64:/usr/local/MATLAB/R2024a/bin/glnxa64:/home/nimai/.MathWorks/sjIU_JBHMpDfD2I6PVGUzD1UvwcpVSfTWaVgy57sVOE/bin/glnxa64:/usr/local/MATLAB/R2024a/extern/lib/glnxa64:/usr/local/MATLAB/R2024a/cefclient/sys/os/glnxa64:/usr/local/MATLAB/R2024a/runtime/glnxa64:/usr/local/MATLAB/R2024a/sys/java/jre/glnxa64/jre/lib/amd64/native_threads:/usr/local/MATLAB/R2024a/sys/java/jre/glnxa64/jre/lib/amd64/server:/home/nimai/ros2_sonia_ws/install/sonia_common_ros2/lib:/home/nimai/ros2_sonia_ws/install/sonia_common_cpp/lib:/home/nimai/ros2_sonia_ws/install/btcpp_ros2_interfaces/lib:/home/nimai/ros2_sonia_ws/install/behaviortree_cpp/lib:/opt/ros/humble/opt/rviz_ogre_vendor/lib:/opt/ros/humble/lib/x86_64-linux-gnu:/opt/ros/humble/lib'), ('BASEMATLABPATH', ''), ('HOME', '/home/nimai'), ('CHROME_DESKTOP', 'code-url-handler.desktop'), ('SNAP_LIBRARY_PATH', '/var/lib/snapd/lib/gl:/var/lib/snapd/lib/gl32:/var/lib/snapd/void'), ('AUTOMOUNT_MAP', ''), ('OLDPWD', '/usr/local/MATLAB/R2024a'), ('DESKTOP_SESSION', 'ubuntu'), ('MW_LD_SHIM', '/usr/local/MATLAB/R2024a/bin/glnxa64/ld_shim.so.2.35.ubuntu_22_04'), ('SNAP_USER_DATA', '/home/nimai/snap/code/157'), ('GTK_PATH', '/snap/code/157/usr/lib/x86_64-linux-gnu/gtk-3.0'), ('VSCODE_IPC_HOOK', '/run/user/1000/vscode-4851b5d9-1.88-main.sock'), ('GTK_IM_MODULE_FILE', '/home/nimai/snap/code/common/.cache/immodules/immodules.cache'), ('ROS_PYTHON_VERSION', '3'), ('GNOME_SHELL_SESSION_MODE', 'ubuntu'), ('GTK_MODULES', 'gail:atk-bridge'), ('KMP_BLOCKTIME', '1'), ('PS1', '(venv)'), ('ELECTRON_NO_ASAR', '1'), ('ROS_IP', '10.192.164.236'), ('MANAGERPID', '933'), ('SYSTEMD_EXEC_PID', '1320'), ('DBUS_SESSION_BUS_ADDRESS', 'unix:path=/run/user/1000/bus'), ('SNAP_REVISION', '157'), ('COLORTERM', 'truecolor'), ('TERMINATOR_DBUS_NAME', 'net.tenshu.Terminator25ef4b219e3b005583550f2b0f9f990c3'), ('GIO_LAUNCHED_DESKTOP_FILE_PID', '35465'), ('VSCODE_CRASH_REPORTER_PROCESS_TYPE', 'extensionHost'), ('CUSTOM_SITE_PACKAGES_PATH', ''), ('IM_CONFIG_PHASE', '1'), ('WAYLAND_DISPLAY', 'wayland-0'), ('COLCON_PREFIX_PATH', '/home/nimai/ros2_sonia_ws/src/sonia_common_ros2/matlab_msg_gen/glnxa64/install:/usr/local/MATLAB/R2024a/sys/ros2/glnxa64/ros2:/usr/local/MATLAB/R2024a/sys/ros2/glnxa64/ros2'), ('MWAPIKEY', 'bVU8GKr.qEE~~mIVkDIqqQKPe9LNm1cuvxE8eduffQ_HOLqo-1PMCJB8IVGGSBFWPXSzdjqj5Zck~rif.oHtpUMPBWMirqE~oaoteiDy03mtcrjyEIBRa86iL5Zs0AyusN27fHmxB-BU7hkPV05J6cdbNa9X1L2GKORWxtlmC6TRLc3Ea2o~NHbvfrlmA02DfHh0fRshhy4YCeL2dE8aV9bpS3Ed1r0P3Ta9F5TkB9boUMaahuK0T1K7sldnP_myP9Zsmj~F0JiQzlobYUs7oG2d48mFniCFVwBWXQqwfqE2DkgtJ5GlqJrDXzmdQg4WNj.BEO4VzY4aD7Zgd__vuOpyYRw6iPiaBWxa4qkoTftee60Bi0lf2~2TGOJMsizE63U3m.mNAkViDK5-AumurnhU.iqcN3CJ6d3Rxt1CfYGy9eQ7PzBx-CCOsukceuFvQ5ot5GHmneRfKg0BnyPyg~FHtss92Fk.eE_igAQ-CrvVjxQhNZSFgamYUsajdyDPcLSmFD.wIMONJ5JZ7MK7a3hmQkudu9soighEJQiWOf15Lc~pd9dpOqF~5bBekXWWbkMvaaM2A08DIlFTKwmq3hwdDurcNonfT114qRy-_B8qrEkXi_7BiIwxUP1u.6-K6enOBmpt4g9Dg21TmJnxEXW.F-uRjZCDYZqfDJTyfXi6HctorsO9qSPFJVQm32LdWRqM4Mrc2I8Om20LFwIg2PrycW0Z0B5kNySF5ZaokHFGTEY4_Ea0tcYUQOhDh137on5~21mdx45sRjU-GBGmaWfrnZAPlHJY6EIjyBcD9~ZswjW8TBp_qMW~_JPMGVOvrT8xYW.7lkutO9J8ryLWR3f5osq6c4KM24mg2t3MbO8OkB5Nzy.N1_W7Dd_1l93PwiBb6FUwAs~EqyjoUTMod3eIj2wrXJwkhk8YzTaPIar4wMS7dZgdfR.PI24QlhyFPKmcJtAzHuZKfVVq2Rot9oeUiVM.JWrOAiuDhDdcraNbNAT40ClY~3Cwcw8ooPiJ'), ('ROS_DISTRO', 'humble'), ('LOGNAME', 'nimai'), ('MATLAB_MEM_MGR_VALUE', ''), ('ROS_WS_SETUP', '/opt/ros/humble/setup.bash'), ('SNAP_CONTEXT', 'dweeeN9gGlfCbhmsGyC6Kvhu3YkLnoaHvJ1HEDWbVqxLLZU8TS8U'), ('JOURNAL_STREAM', '8:31781'), ('_', '/home/nimai/.matlab/R2024a/ros2/glnxa64/venv/bin/colcon'), ('ROS_VERSION', '2'), ('XDG_CONFIG_DIRS_VSCODE_SNAP_ORIG', '/etc/xdg/xdg-ubuntu:/etc/xdg'), ('PKG_CONFIG_PATH', '/usr/local/MATLAB/R2024a/sys/ros2/glnxa64/ros2/lib/pkgconfig'), ('XDG_SESSION_CLASS', 'user'), ('SNAP_VERSION', 'e170252f'), ('XDG_DATA_DIRS_VSCODE_SNAP_ORIG', '/usr/share/ubuntu:/usr/local/share/:/usr/share/:/var/lib/snapd/desktop'), ('USERNAME', 'nimai'), ('TERM', 'xterm-256color'), ('GNOME_DESKTOP_SESSION_ID', 'this-is-deprecated'), ('SNAP_INSTANCE_NAME', 'code'), ('ROS_LOCALHOST_ONLY', '0'), ('AUV7_IP', '192.168.0.11'), ('AUV8_IP', '192.168.0.31'), ('PATH', '/usr/local/MATLAB/R2024a/bin/glnxa64/cmake/bin::/usr/local/MATLAB/R2024a/sys/ros2/glnxa64/ros2/bin:/home/nimai/.matlab/R2024a/ros2/glnxa64/venv/bin:/home/nimai/.matlab/R2024a/ros2/glnxa64/venv/bin:/usr/local/MATLAB/R2024a/toolbox/shared/coder/ninja/glnxa64:/home/nimai/ros2_sonia_ws/install/behaviortree_cpp/bin:/opt/ros/humble/bin:/usr/local/sbin:/usr/local/bin:/usr/sbin:/usr/bin:/sbin:/bin:/usr/games:/usr/local/games:/snap/bin:/snap/bin'), ('SESSION_MANAGER', 'local/nimai-specter:@/tmp/.ICE-unix/1080,unix/nimai-specter:/tmp/.ICE-unix/1080'), ('VSCODE_AMD_ENTRYPOINT', 'vs/workbench/api/node/extensionHostProcess'), ('GTK_EXE_PREFIX', '/snap/code/157/usr'), ('INVOCATION_ID', '787a178defe64be4829b4ac2d045d1d9'), ('XDG_MENU_PREFIX', 'gnome-'), ('GNOME_SETUP_DISPLAY', ':1'), ('SNAP_DATA', '/var/snap/code/157'), ('XDG_RUNTIME_DIR', '/run/user/1000'), ('GDK_BACKEND', 'x11'), ('TOOLBOX', '/usr/local/MATLAB/R2024a/toolbox'), ('MKL_DOMAIN_NUM_THREADS', ''), ('KMP_INIT_AT_FORK', 'false'), ('DISPLAY', ':0'), ('LOCPATH', '/snap/code/157/usr/lib/locale'), ('TERMINATOR_DBUS_PATH', '/net/tenshu/Terminator2'), ('LD_PRELOAD', ''), ('LANG', 'en_CA.UTF-8'), ('XDG_CURRENT_DESKTOP', 'Unity'), ('PRE_LD_PRELOAD', ''), ('IBUS_DISABLE_SNOOPER', '1'), ('VIRTUAL_ENV_PROMPT', '(venv)'), ('XMODIFIERS', '@im=ibus'), ('XDG_SESSION_DESKTOP', 'ubuntu'), ('XAUTHORITY', '/run/user/1000/.mutter-Xwaylandauth.GC2JM2'), ('LS_COLORS', 'rs=0:di=01;34:ln=01;36:mh=00:pi=40;33:so=01;35:do=01;35:bd=40;33;01:cd=40;33;01:or=40;31;01:mi=00:su=37;41:sg=30;43:ca=30;41:tw=30;42:ow=34;42:st=37;44:ex=01;32:*.tar=01;31:*.tgz=01;31:*.arc=01;31:*.arj=01;31:*.taz=01;31:*.lha=01;31:*.lz4=01;31:*.lzh=01;31:*.lzma=01;31:*.tlz=01;31:*.txz=01;31:*.tzo=01;31:*.t7z=01;31:*.zip=01;31:*.z=01;31:*.dz=01;31:*.gz=01;31:*.lrz=01;31:*.lz=01;31:*.lzo=01;31:*.xz=01;31:*.zst=01;31:*.tzst=01;31:*.bz2=01;31:*.bz=01;31:*.tbz=01;31:*.tbz2=01;31:*.tz=01;31:*.deb=01;31:*.rpm=01;31:*.jar=01;31:*.war=01;31:*.ear=01;31:*.sar=01;31:*.rar=01;31:*.alz=01;31:*.ace=01;31:*.zoo=01;31:*.cpio=01;31:*.7z=01;31:*.rz=01;31:*.cab=01;31:*.wim=01;31:*.swm=01;31:*.dwm=01;31:*.esd=01;31:*.jpg=01;35:*.jpeg=01;35:*.mjpg=01;35:*.mjpeg=01;35:*.gif=01;35:*.bmp=01;35:*.pbm=01;35:*.pgm=01;35:*.ppm=01;35:*.tga=01;35:*.xbm=01;35:*.xpm=01;35:*.tif=01;35:*.tiff=01;35:*.png=01;35:*.svg=01;35:*.svgz=01;35:*.mng=01;35:*.pcx=01;35:*.mov=01;35:*.mpg=01;35:*.mpeg=01;35:*.m2v=01;35:*.mkv=01;35:*.webm=01;35:*.webp=01;35:*.ogm=01;35:*.mp4=01;35:*.m4v=01;35:*.mp4v=01;35:*.vob=01;35:*.qt=01;35:*.nuv=01;35:*.wmv=01;35:*.asf=01;35:*.rm=01;35:*.rmvb=01;35:*.flc=01;35:*.avi=01;35:*.fli=01;35:*.flv=01;35:*.gl=01;35:*.dl=01;35:*.xcf=01;35:*.xwd=01;35:*.yuv=01;35:*.cgm=01;35:*.emf=01;35:*.ogv=01;35:*.ogx=01;35:*.aac=00;36:*.au=00;36:*.flac=00;36:*.m4a=00;36:*.mid=00;36:*.midi=00;36:*.mka=00;36:*.mp3=00;36:*.mpc=00;36:*.ogg=00;36:*.ra=00;36:*.wav=00;36:*.oga=00;36:*.opus=00;36:*.spx=00;36:*.xspf=00;36:'), ('SSH_AGENT_LAUNCHER', 'gnome-keyring'), ('SNAP_USER_COMMON', '/home/nimai/snap/code/common'), ('SSH_AUTH_SOCK', '/run/user/1000/keyring/ssh'), ('GSETTINGS_SCHEMA_DIR', '/home/nimai/snap/code/157/.local/share/glib-2.0/schemas'), ('SNAP_ARCH', 'amd64'), ('AMENT_PREFIX_PATH', '/home/nimai/ros2_sonia_ws/src/sonia_common_ros2/matlab_msg_gen/glnxa64/install:/usr/local/MATLAB/R2024a/sys/ros2/glnxa64/ros2:/usr/local/MATLAB/R2024a/sys/ros2/glnxa64/ros2'), ('SNAP_COOKIE', 'dweeeN9gGlfCbhmsGyC6Kvhu3YkLnoaHvJ1HEDWbVqxLLZU8TS8U'), ('ORIGINAL_XDG_CURRENT_DESKTOP', 'ubuntu:GNOME'), ('SHELL', '/bin/bash'), ('TERMINATOR_UUID', 'urn:uuid:243c8e21-9628-4c21-b20d-d0ef680b4e92'), ('CMAKE_PATH', '/usr/local/MATLAB/R2024a/bin/glnxa64/cmake/bin'), ('GDK_PIXBUF_MODULEDIR', '/snap/code/157/usr/lib/x86_64-linux-gnu/gdk-pixbuf-2.0/2.10.0/loaders'), ('XFILESEARCHPATH', '/usr/local/MATLAB/R2024a/sys/java/jre/glnxa64/jre/lib/locale/%L/%T/%N%S:'), ('QT_ACCESSIBILITY', '1'), ('ELECTRON_RUN_AS_NODE', '1'), ('NO_AT_BRIDGE', '1'), ('ROS_MASTER_URI', 'http://localhost:11311/'), ('GDMSESSION', 'ubuntu'), ('LESSCLOSE', '/usr/bin/lesspipe %s %s'), ('SNAP_NAME', 'code'), ('OSG_LD_LIBRARY_PATH', '/usr/local/MATLAB/R2024a/sys/openscenegraph/lib/glnxa64'), ('GDK_PIXBUF_MODULE_FILE', '/home/nimai/snap/code/common/.cache/gdk-pixbuf-loaders.cache'), ('VIRTUAL_ENV', '/home/nimai/.matlab/R2024a/ros2/glnxa64/venv'), ('SNAP_LAUNCHER_ARCH_TRIPLET', 'x86_64-linux-gnu'), ('CUSTOM_PATH', ''), ('KMP_STACKSIZE', '512k'), ('QT_IM_MODULE', 'ibus'), ('ROS_SONIA_WS', '/home/nimai/ros2_sonia_ws'), ('PWD', '/home/nimai/ros2_sonia_ws/src/sonia_common_ros2/matlab_msg_gen/glnxa64/build/sonia_common_ros2'), ('VSCODE_CLI', '1'), ('XDG_CONFIG_DIRS', '/etc/xdg/xdg-ubuntu:/etc/xdg'), ('SNAP_REAL_HOME', '/home/nimai'), ('VSCODE_CODE_CACHE_PATH', '/home/nimai/.config/Code/CachedData/e170252f762678dec6ca2cc69aba1570769a5d39'), ('DYLD_LIBRARY_PATH', ':/usr/local/MATLAB/R2024a/sys/ros2/glnxa64/ros2/lib:'), ('XDG_DATA_DIRS', '/home/nimai/snap/code/157/.local/share:/home/nimai/snap/code/157:/snap/code/157/usr/share:/usr/share/ubuntu:/usr/local/share/:/usr/share/:/var/lib/snapd/desktop'), ('MKL_NUM_THREADS', ''), ('MW_PATCH_OFFSETS', '0000117000002EA0'), ('SNAP_EUID', '1000'), ('PYTHONPATH', ':/usr/local/MATLAB/R2024a/sys/ros2/glnxa64/ros2/lib/python3.9/site-packages:/home/nimai/.matlab/R2024a/ros2/glnxa64/venv/lib/python3.10/site-packages:/home/nimai/ros2_sonia_ws/install/sonia_common_ros2/local/lib/python3.10/dist-packages:/home/nimai/ros2_sonia_ws/install/sonia_common_py/lib/python3.10/site-packages:/home/nimai/ros2_sonia_ws/install/rqt_toolbar/lib/python3.10/site-packages:/home/nimai/ros2_sonia_ws/install/rqt_actuator/lib/python3.10/site-packages:/home/nimai/ros2_sonia_ws/install/btcpp_ros2_interfaces/local/lib/python3.10/dist-packages:/opt/ros/humble/lib/python3.10/site-packages:/opt/ros/humble/local/lib/python3.10/dist-packages'), ('SNAP', '/snap/code/157'), ('LC_NUMERIC', 'C'), ('COLCON', '1'), ('VTE_VERSION', '6800'), ('ROS_HOME', '/home/nimai/ros2_sonia_ws'), ('ELECTRON_NO_ATTACH_CONSOLE', '1'), ('CMAKE_PREFIX_PATH', '/home/nimai/ros2_sonia_ws/src/sonia_common_ros2/matlab_msg_gen/glnxa64/install:/usr/local/MATLAB/R2024a/sys/ros2/glnxa64/ros2:/usr/local/MATLAB/R2024a/sys/ros2/glnxa64/ros2'), ('VSCODE_PID', '35874')]), 'shell': False}
[0.048931] (sonia_common_ros2) StdoutLine: {'line': b'\n'}
[0.049141] (sonia_common_ros2) StdoutLine: {'line': b'[0/1] Re-running CMake...\x1b[K\n'}
[0.060138] (sonia_common_ros2) StdoutLine: {'line': b'-- Found ament_cmake: 1.3.3 (/usr/local/MATLAB/R2024a/sys/ros2/glnxa64/ros2/share/ament_cmake/cmake)\n'}
[0.099101] (-) TimerEvent: {}
[0.164973] (sonia_common_ros2) StdoutLine: {'line': b'-- Found ament_cmake_ros: 0.10.0 (/usr/local/MATLAB/R2024a/sys/ros2/glnxa64/ros2/share/ament_cmake_ros/cmake)\n'}
[0.167964] (sonia_common_ros2) StdoutLine: {'line': b'-- Found rosidl_typesupport_c: 2.0.0 (/usr/local/MATLAB/R2024a/sys/ros2/glnxa64/ros2/share/rosidl_typesupport_c/cmake)\n'}
[0.168487] (sonia_common_ros2) StdoutLine: {'line': b'-- Using all available rosidl_typesupport_c: rosidl_typesupport_fastrtps_c;rosidl_typesupport_introspection_c\n'}
[0.172628] (sonia_common_ros2) StdoutLine: {'line': b'-- Found rosidl_adapter: 3.1.4 (/usr/local/MATLAB/R2024a/sys/ros2/glnxa64/ros2/share/rosidl_adapter/cmake)\n'}
[0.199186] (-) TimerEvent: {}
[0.211387] (sonia_common_ros2) StdoutLine: {'line': b'-- Found rosidl_typesupport_cpp: 2.0.0 (/usr/local/MATLAB/R2024a/sys/ros2/glnxa64/ros2/share/rosidl_typesupport_cpp/cmake)\n'}
[0.211969] (sonia_common_ros2) StdoutLine: {'line': b'-- Using all available rosidl_typesupport_cpp: rosidl_typesupport_fastrtps_cpp;rosidl_typesupport_introspection_cpp\n'}
[0.243748] (sonia_common_ros2) StdoutLine: {'line': b'-- Found rosidl_default_generators: 1.2.0 (/usr/local/MATLAB/R2024a/sys/ros2/glnxa64/ros2/share/rosidl_default_generators/cmake)\n'}
[0.247503] (sonia_common_ros2) StdoutLine: {'line': b'-- Found class_loader: 2.2.0 (/usr/local/MATLAB/R2024a/sys/ros2/glnxa64/ros2/share/class_loader/cmake)\n'}
[0.250345] (sonia_common_ros2) StdoutLine: {'line': b'-- Found geometry_msgs: 4.2.3 (/usr/local/MATLAB/R2024a/sys/ros2/glnxa64/ros2/share/geometry_msgs/cmake)\n'}
[0.299304] (-) TimerEvent: {}
[0.390051] (sonia_common_ros2) StdoutLine: {'line': b'-- Found rclcpp: 16.0.5 (/usr/local/MATLAB/R2024a/sys/ros2/glnxa64/ros2/share/rclcpp/cmake)\n'}
[0.399391] (-) TimerEvent: {}
[0.447432] (sonia_common_ros2) StdoutLine: {'line': b'-- Found rmw_implementation_cmake: 6.1.1 (/usr/local/MATLAB/R2024a/sys/ros2/glnxa64/ros2/share/rmw_implementation_cmake/cmake)\n'}
[0.449002] (sonia_common_ros2) StdoutLine: {'line': b'-- Found rmw_fastrtps_cpp: 6.2.2 (/usr/local/MATLAB/R2024a/sys/ros2/glnxa64/ros2/share/rmw_fastrtps_cpp/cmake)\n'}
[0.499489] (-) TimerEvent: {}
[0.558389] (sonia_common_ros2) StdoutLine: {'line': b"-- Using RMW implementation 'rmw_fastrtps_cpp' as default\n"}
[0.599585] (-) TimerEvent: {}
[0.699845] (-) TimerEvent: {}
[0.800065] (-) TimerEvent: {}
[0.900280] (-) TimerEvent: {}
[1.000506] (-) TimerEvent: {}
[1.100778] (-) TimerEvent: {}
[1.201025] (-) TimerEvent: {}
[1.246293] (sonia_common_ros2) StdoutLine: {'line': b'-- Using all available rosidl_typesupport_c: rosidl_typesupport_fastrtps_c;rosidl_typesupport_introspection_c\n'}
[1.301118] (-) TimerEvent: {}
[1.401433] (-) TimerEvent: {}
[1.501668] (-) TimerEvent: {}
[1.520339] (sonia_common_ros2) StdoutLine: {'line': b'-- Using all available rosidl_typesupport_cpp: rosidl_typesupport_fastrtps_cpp;rosidl_typesupport_introspection_cpp\n'}
[1.529598] (sonia_common_ros2) StdoutLine: {'line': b'-- Configuring done\n'}
[1.565146] (sonia_common_ros2) StdoutLine: {'line': b'-- Generating done\n'}
[1.571233] (sonia_common_ros2) StdoutLine: {'line': b'-- Build files have been written to: /home/nimai/ros2_sonia_ws/src/sonia_common_ros2/matlab_msg_gen/glnxa64/build/sonia_common_ros2\n'}
[1.589064] (sonia_common_ros2) StdoutLine: {'line': b'\n'}
[1.589508] (sonia_common_ros2) StdoutLine: {'line': b'[0/88] Generating C code for ROS interfaces\x1b[K\n'}
[1.601753] (-) TimerEvent: {}
[1.702033] (-) TimerEvent: {}
[1.802309] (-) TimerEvent: {}
[1.902558] (-) TimerEvent: {}
[2.002822] (-) TimerEvent: {}
[2.103152] (-) TimerEvent: {}
[2.203395] (-) TimerEvent: {}
[2.303651] (-) TimerEvent: {}
[2.403946] (-) TimerEvent: {}
[2.496185] (sonia_common_ros2) StdoutLine: {'line': b'[0/88] Generating C++ code for ROS interfaces\x1b[K\n'}
[2.497163] (sonia_common_ros2) StdoutLine: {'line': b'[1/88] Generating C++ code for ROS interfaces\x1b[K\n'}
[2.498166] (sonia_common_ros2) StdoutLine: {'line': b'[1/88] Generating C++ type support for eProsima Fast-RTPS\x1b[K\n'}
[2.499344] (sonia_common_ros2) StdoutLine: {'line': b'[1/88] Generating C++ type support dispatch for ROS interfaces\x1b[K\n'}
[2.504101] (-) TimerEvent: {}
[2.507851] (sonia_common_ros2) StdoutLine: {'line': b'[1/88] Generating C++ introspection for ROS interfaces\x1b[K\n'}
[2.509649] (sonia_common_ros2) StdoutLine: {'line': b'[2/88] Generating C code for ROS interfaces\x1b[K\n'}
[2.511413] (sonia_common_ros2) StdoutLine: {'line': b'[2/88] Building C object CMakeFiles/sonia_common_ros2__rosidl_generator_c.dir/rosidl_generator_c/sonia_common_ros2/msg/detail/kill_status__functions.c.o\x1b[K\n'}
[2.512481] (sonia_common_ros2) StdoutLine: {'line': b'[2/88] Building C object CMakeFiles/sonia_common_ros2__rosidl_generator_c.dir/rosidl_generator_c/sonia_common_ros2/msg/detail/obstacle_array__functions.c.o\x1b[K\n'}
[2.516949] (sonia_common_ros2) StdoutLine: {'line': b'[2/88] Building C object CMakeFiles/sonia_common_ros2__rosidl_generator_c.dir/rosidl_generator_c/sonia_common_ros2/msg/detail/obstacle_info__functions.c.o\x1b[K\n'}
[2.518983] (sonia_common_ros2) StdoutLine: {'line': b'[2/88] Building C object CMakeFiles/sonia_common_ros2__rosidl_generator_c.dir/rosidl_generator_c/sonia_common_ros2/msg/detail/mission_status__functions.c.o\x1b[K\n'}
[2.604208] (-) TimerEvent: {}
[2.674379] (sonia_common_ros2) StdoutLine: {'line': b'[2/88] Building C object CMakeFiles/sonia_common_ros2__rosidl_generator_c.dir/rosidl_generator_c/sonia_common_ros2/msg/detail/pose__functions.c.o\x1b[K\n'}
[2.676150] (sonia_common_ros2) StdoutLine: {'line': b'[3/88] Building C object CMakeFiles/sonia_common_ros2__rosidl_generator_c.dir/rosidl_generator_c/sonia_common_ros2/msg/detail/kill_status__functions.c.o\x1b[K\n'}
[2.704321] (-) TimerEvent: {}
[2.735046] (sonia_common_ros2) StdoutLine: {'line': b'[3/88] Building C object CMakeFiles/sonia_common_ros2__rosidl_generator_c.dir/rosidl_generator_c/sonia_common_ros2/msg/detail/pose_array__functions.c.o\x1b[K\n'}
[2.736879] (sonia_common_ros2) StdoutLine: {'line': b'[4/88] Building C object CMakeFiles/sonia_common_ros2__rosidl_generator_c.dir/rosidl_generator_c/sonia_common_ros2/msg/detail/pose__functions.c.o\x1b[K\n'}
[2.789928] (sonia_common_ros2) StdoutLine: {'line': b'[4/88] Building C object CMakeFiles/sonia_common_ros2__rosidl_generator_c.dir/rosidl_generator_c/sonia_common_ros2/msg/detail/serial_message__functions.c.o\x1b[K\n'}
[2.790292] (sonia_common_ros2) StdoutLine: {'line': b'[5/88] Building C object CMakeFiles/sonia_common_ros2__rosidl_generator_c.dir/rosidl_generator_c/sonia_common_ros2/msg/detail/mission_status__functions.c.o\x1b[K\n'}
[2.802081] (sonia_common_ros2) StdoutLine: {'line': b'[5/88] Building C object CMakeFiles/sonia_common_ros2__rosidl_generator_c.dir/rosidl_generator_c/sonia_common_ros2/srv/detail/dropper_service__functions.c.o\x1b[K\n'}
[2.802364] (sonia_common_ros2) StdoutLine: {'line': b'[6/88] Building C object CMakeFiles/sonia_common_ros2__rosidl_generator_c.dir/rosidl_generator_c/sonia_common_ros2/msg/detail/obstacle_info__functions.c.o\x1b[K\n'}
[2.804412] (-) TimerEvent: {}
[2.829355] (sonia_common_ros2) StdoutLine: {'line': b'[6/88] Building C object CMakeFiles/sonia_common_ros2__rosidl_generator_c.dir/rosidl_generator_c/sonia_common_ros2/srv/detail/serial_service__functions.c.o\x1b[K\n'}
[2.904525] (-) TimerEvent: {}
[2.914552] (sonia_common_ros2) StdoutLine: {'line': b'[7/88] Building C object CMakeFiles/sonia_common_ros2__rosidl_generator_c.dir/rosidl_generator_c/sonia_common_ros2/msg/detail/obstacle_array__functions.c.o\x1b[K\n'}
[2.952069] (sonia_common_ros2) StdoutLine: {'line': b'[8/88] Building C object CMakeFiles/sonia_common_ros2__rosidl_generator_c.dir/rosidl_generator_c/sonia_common_ros2/msg/detail/pose_array__functions.c.o\x1b[K\n'}
[3.004617] (-) TimerEvent: {}
[3.025215] (sonia_common_ros2) StdoutLine: {'line': b'[9/88] Building C object CMakeFiles/sonia_common_ros2__rosidl_generator_c.dir/rosidl_generator_c/sonia_common_ros2/msg/detail/serial_message__functions.c.o\x1b[K\n'}
[3.054217] (sonia_common_ros2) StdoutLine: {'line': b'[10/88] Building C object CMakeFiles/sonia_common_ros2__rosidl_generator_c.dir/rosidl_generator_c/sonia_common_ros2/srv/detail/dropper_service__functions.c.o\x1b[K\n'}
[3.054437] (sonia_common_ros2) StdoutLine: {'line': b'[11/88] Building C object CMakeFiles/sonia_common_ros2__rosidl_generator_c.dir/rosidl_generator_c/sonia_common_ros2/srv/detail/serial_service__functions.c.o\x1b[K\n'}
[3.083025] (sonia_common_ros2) StdoutLine: {'line': b'[11/88] Linking C shared library libsonia_common_ros2__rosidl_generator_c.so\x1b[K\n'}
[3.083294] (sonia_common_ros2) StdoutLine: {'line': b'[12/88] Linking C shared library libsonia_common_ros2__rosidl_generator_c.so\x1b[K\n'}
[3.083536] (sonia_common_ros2) StdoutLine: {'line': b'[12/88] Generating C type support for eProsima Fast-RTPS\x1b[K\n'}
[3.084057] (sonia_common_ros2) StdoutLine: {'line': b'[12/88] Generating C introspection for ROS interfaces\x1b[K\n'}
[3.104719] (-) TimerEvent: {}
[3.205029] (-) TimerEvent: {}
[3.305333] (-) TimerEvent: {}
[3.405867] (-) TimerEvent: {}
[3.506153] (-) TimerEvent: {}
[3.606781] (-) TimerEvent: {}
[3.634122] (sonia_common_ros2) StdoutLine: {'line': b'[12/88] Generating C type support dispatch for ROS interfaces\x1b[K\n'}
[3.637420] (sonia_common_ros2) StdoutLine: {'line': b'[13/88] Generating C++ type support dispatch for ROS interfaces\x1b[K\n'}
[3.638790] (sonia_common_ros2) StdoutLine: {'line': b'[13/88] Building CXX object CMakeFiles/sonia_common_ros2__rosidl_typesupport_cpp.dir/rosidl_typesupport_cpp/sonia_common_ros2/msg/kill_status__type_support.cpp.o\x1b[K\n'}
[3.640253] (sonia_common_ros2) StdoutLine: {'line': b'[13/88] Building CXX object CMakeFiles/sonia_common_ros2__rosidl_typesupport_cpp.dir/rosidl_typesupport_cpp/sonia_common_ros2/msg/mission_status__type_support.cpp.o\x1b[K\n'}
[3.706897] (-) TimerEvent: {}
[3.774261] (sonia_common_ros2) StdoutLine: {'line': b'[13/88] Building CXX object CMakeFiles/sonia_common_ros2__rosidl_typesupport_cpp.dir/rosidl_typesupport_cpp/sonia_common_ros2/msg/obstacle_info__type_support.cpp.o\x1b[K\n'}
[3.777189] (sonia_common_ros2) StdoutLine: {'line': b'[14/88] Generating C++ introspection for ROS interfaces\x1b[K\n'}
[3.806993] (-) TimerEvent: {}
[3.907566] (-) TimerEvent: {}
[4.007884] (-) TimerEvent: {}
[4.108210] (-) TimerEvent: {}
[4.169565] (sonia_common_ros2) StdoutLine: {'line': b'[14/88] Building CXX object CMakeFiles/sonia_common_ros2__rosidl_typesupport_introspection_cpp.dir/rosidl_typesupport_introspection_cpp/sonia_common_ros2/msg/detail/kill_status__type_support.cpp.o\x1b[K\n'}
[4.172843] (sonia_common_ros2) StdoutLine: {'line': b'[15/88] Building CXX object CMakeFiles/sonia_common_ros2__rosidl_typesupport_cpp.dir/rosidl_typesupport_cpp/sonia_common_ros2/msg/obstacle_info__type_support.cpp.o\x1b[K\n'}
[4.182178] (sonia_common_ros2) StdoutLine: {'line': b'[15/88] Building CXX object CMakeFiles/sonia_common_ros2__rosidl_typesupport_introspection_cpp.dir/rosidl_typesupport_introspection_cpp/sonia_common_ros2/msg/detail/obstacle_array__type_support.cpp.o\x1b[K\n'}
[4.186143] (sonia_common_ros2) StdoutLine: {'line': b'[16/88] Generating C++ type support for eProsima Fast-RTPS\x1b[K\n'}
[4.208309] (-) TimerEvent: {}
[4.256712] (sonia_common_ros2) StdoutLine: {'line': b'[16/88] Building CXX object CMakeFiles/sonia_common_ros2__rosidl_typesupport_fastrtps_cpp.dir/rosidl_typesupport_fastrtps_cpp/sonia_common_ros2/msg/detail/dds_fastrtps/obstacle_array__type_support.cpp.o\x1b[K\n'}
[4.257009] (sonia_common_ros2) StdoutLine: {'line': b'[17/88] Building CXX object CMakeFiles/sonia_common_ros2__rosidl_typesupport_cpp.dir/rosidl_typesupport_cpp/sonia_common_ros2/msg/kill_status__type_support.cpp.o\x1b[K\n'}
[4.291338] (sonia_common_ros2) StdoutLine: {'line': b'[17/88] Building CXX object CMakeFiles/sonia_common_ros2__rosidl_typesupport_fastrtps_cpp.dir/rosidl_typesupport_fastrtps_cpp/sonia_common_ros2/msg/detail/dds_fastrtps/kill_status__type_support.cpp.o\x1b[K\n'}
[4.292641] (sonia_common_ros2) StdoutLine: {'line': b'[18/88] Building CXX object CMakeFiles/sonia_common_ros2__rosidl_typesupport_cpp.dir/rosidl_typesupport_cpp/sonia_common_ros2/msg/mission_status__type_support.cpp.o\x1b[K\n'}
[4.308410] (-) TimerEvent: {}
[4.355352] (sonia_common_ros2) StdoutLine: {'line': b'[18/88] Building CXX object CMakeFiles/sonia_common_ros2__rosidl_typesupport_fastrtps_cpp.dir/rosidl_typesupport_fastrtps_cpp/sonia_common_ros2/msg/detail/dds_fastrtps/mission_status__type_support.cpp.o\x1b[K\n'}
[4.358993] (sonia_common_ros2) StdoutLine: {'line': b'[19/88] Generating C type support dispatch for ROS interfaces\x1b[K\n'}
[4.409336] (-) TimerEvent: {}
[4.504935] (sonia_common_ros2) StdoutLine: {'line': b'[19/88] Building CXX object CMakeFiles/sonia_common_ros2__rosidl_typesupport_c.dir/rosidl_typesupport_c/sonia_common_ros2/msg/kill_status__type_support.cpp.o\x1b[K\n'}
[4.505428] (sonia_common_ros2) StdoutLine: {'line': b'[20/88] Building CXX object CMakeFiles/sonia_common_ros2__rosidl_typesupport_c.dir/rosidl_typesupport_c/sonia_common_ros2/msg/kill_status__type_support.cpp.o\x1b[K\n'}
[4.514935] (-) TimerEvent: {}
[4.560883] (sonia_common_ros2) StdoutLine: {'line': b'[20/88] Building CXX object CMakeFiles/sonia_common_ros2__rosidl_typesupport_c.dir/rosidl_typesupport_c/sonia_common_ros2/msg/mission_status__type_support.cpp.o\x1b[K\n'}
[4.561143] (sonia_common_ros2) StdoutLine: {'line': b'[21/88] Generating C type support for eProsima Fast-RTPS\x1b[K\n'}
[4.615042] (-) TimerEvent: {}
[4.622968] (sonia_common_ros2) StdoutLine: {'line': b'[21/88] Building CXX object CMakeFiles/sonia_common_ros2__rosidl_typesupport_fastrtps_c.dir/rosidl_typesupport_fastrtps_c/sonia_common_ros2/msg/detail/kill_status__type_support_c.cpp.o\x1b[K\n'}
[4.623209] (sonia_common_ros2) StdoutLine: {'line': b'[22/88] Building CXX object CMakeFiles/sonia_common_ros2__rosidl_typesupport_c.dir/rosidl_typesupport_c/sonia_common_ros2/msg/mission_status__type_support.cpp.o\x1b[K\n'}
[4.690037] (sonia_common_ros2) StdoutLine: {'line': b'[22/88] Building CXX object CMakeFiles/sonia_common_ros2__rosidl_typesupport_fastrtps_c.dir/rosidl_typesupport_fastrtps_c/sonia_common_ros2/msg/detail/obstacle_info__type_support_c.cpp.o\x1b[K\n'}
[4.693008] (sonia_common_ros2) StdoutLine: {'line': b'[23/88] Generating C introspection for ROS interfaces\x1b[K\n'}
[4.715160] (-) TimerEvent: {}
[4.799187] (sonia_common_ros2) StdoutLine: {'line': b'[23/88] Building CXX object CMakeFiles/sonia_common_ros2__rosidl_typesupport_fastrtps_c.dir/rosidl_typesupport_fastrtps_c/sonia_common_ros2/msg/detail/mission_status__type_support_c.cpp.o\x1b[K\n'}
[4.801067] (sonia_common_ros2) StdoutLine: {'line': b'[24/88] Building CXX object CMakeFiles/sonia_common_ros2__rosidl_typesupport_introspection_cpp.dir/rosidl_typesupport_introspection_cpp/sonia_common_ros2/msg/detail/kill_status__type_support.cpp.o\x1b[K\n'}
[4.815281] (-) TimerEvent: {}
[4.915889] (-) TimerEvent: {}
[5.016454] (-) TimerEvent: {}
[5.117072] (-) TimerEvent: {}
[5.173619] (sonia_common_ros2) StdoutLine: {'line': b'[24/88] Building CXX object CMakeFiles/sonia_common_ros2__rosidl_typesupport_fastrtps_c.dir/rosidl_typesupport_fastrtps_c/sonia_common_ros2/msg/detail/obstacle_array__type_support_c.cpp.o\x1b[K\n'}
[5.175527] (sonia_common_ros2) StdoutLine: {'line': b'[25/88] Building CXX object CMakeFiles/sonia_common_ros2__rosidl_typesupport_fastrtps_cpp.dir/rosidl_typesupport_fastrtps_cpp/sonia_common_ros2/msg/detail/dds_fastrtps/mission_status__type_support.cpp.o\x1b[K\n'}
[5.217183] (-) TimerEvent: {}
[5.317879] (-) TimerEvent: {}
[5.323960] (sonia_common_ros2) StdoutLine: {'line': b'[25/88] Building CXX object CMakeFiles/sonia_common_ros2__rosidl_typesupport_fastrtps_c.dir/rosidl_typesupport_fastrtps_c/sonia_common_ros2/msg/detail/pose__type_support_c.cpp.o\x1b[K\n'}
[5.326158] (sonia_common_ros2) StdoutLine: {'line': b'[26/88] Building CXX object CMakeFiles/sonia_common_ros2__rosidl_typesupport_fastrtps_cpp.dir/rosidl_typesupport_fastrtps_cpp/sonia_common_ros2/msg/detail/dds_fastrtps/kill_status__type_support.cpp.o\x1b[K\n'}
[5.388880] (sonia_common_ros2) StdoutLine: {'line': b'[26/88] Building CXX object CMakeFiles/sonia_common_ros2__rosidl_typesupport_fastrtps_c.dir/rosidl_typesupport_fastrtps_c/sonia_common_ros2/msg/detail/pose_array__type_support_c.cpp.o\x1b[K\n'}
[5.390514] (sonia_common_ros2) StdoutLine: {'line': b'[27/88] Building CXX object CMakeFiles/sonia_common_ros2__rosidl_typesupport_fastrtps_cpp.dir/rosidl_typesupport_fastrtps_cpp/sonia_common_ros2/msg/detail/dds_fastrtps/obstacle_array__type_support.cpp.o\x1b[K\n'}
[5.401380] (sonia_common_ros2) StdoutLine: {'line': b'[27/88] Building CXX object CMakeFiles/sonia_common_ros2__rosidl_typesupport_fastrtps_c.dir/rosidl_typesupport_fastrtps_c/sonia_common_ros2/msg/detail/serial_message__type_support_c.cpp.o\x1b[K\n'}
[5.401892] (sonia_common_ros2) StdoutLine: {'line': b'[28/88] Building CXX object CMakeFiles/sonia_common_ros2__rosidl_typesupport_fastrtps_c.dir/rosidl_typesupport_fastrtps_c/sonia_common_ros2/msg/detail/mission_status__type_support_c.cpp.o\x1b[K\n'}
[5.417998] (-) TimerEvent: {}
[5.475710] (sonia_common_ros2) StdoutLine: {'line': b'[28/88] Building CXX object CMakeFiles/sonia_common_ros2__rosidl_typesupport_fastrtps_c.dir/rosidl_typesupport_fastrtps_c/sonia_common_ros2/srv/detail/dropper_service__type_support_c.cpp.o\x1b[K\n'}
[5.476235] (sonia_common_ros2) StdoutLine: {'line': b'[29/88] Building CXX object CMakeFiles/sonia_common_ros2__rosidl_typesupport_fastrtps_c.dir/rosidl_typesupport_fastrtps_c/sonia_common_ros2/msg/detail/kill_status__type_support_c.cpp.o\x1b[K\n'}
[5.503279] (sonia_common_ros2) StdoutLine: {'line': b'[29/88] Building CXX object CMakeFiles/sonia_common_ros2__rosidl_typesupport_fastrtps_c.dir/rosidl_typesupport_fastrtps_c/sonia_common_ros2/srv/detail/serial_service__type_support_c.cpp.o\x1b[K\n'}
[5.506639] (sonia_common_ros2) StdoutLine: {'line': b'[30/88] Building CXX object CMakeFiles/sonia_common_ros2__rosidl_typesupport_introspection_cpp.dir/rosidl_typesupport_introspection_cpp/sonia_common_ros2/msg/detail/obstacle_array__type_support.cpp.o\x1b[K\n'}
[5.518123] (-) TimerEvent: {}
[5.621442] (-) TimerEvent: {}
[5.722062] (-) TimerEvent: {}
[5.737109] (sonia_common_ros2) StdoutLine: {'line': b'[30/88] Building C object CMakeFiles/sonia_common_ros2__rosidl_typesupport_introspection_c.dir/rosidl_typesupport_introspection_c/sonia_common_ros2/msg/detail/kill_status__type_support.c.o\x1b[K\n'}
[5.737774] (sonia_common_ros2) StdoutLine: {'line': b'[31/88] Building CXX object CMakeFiles/sonia_common_ros2__rosidl_typesupport_fastrtps_c.dir/rosidl_typesupport_fastrtps_c/sonia_common_ros2/msg/detail/obstacle_array__type_support_c.cpp.o\x1b[K\n'}
[5.772745] (sonia_common_ros2) StdoutLine: {'line': b'[31/88] Building C object CMakeFiles/sonia_common_ros2__rosidl_typesupport_introspection_c.dir/rosidl_typesupport_introspection_c/sonia_common_ros2/msg/detail/obstacle_array__type_support.c.o\x1b[K\n'}
[5.773741] (sonia_common_ros2) StdoutLine: {'line': b'[32/88] Building C object CMakeFiles/sonia_common_ros2__rosidl_typesupport_introspection_c.dir/rosidl_typesupport_introspection_c/sonia_common_ros2/msg/detail/kill_status__type_support.c.o\x1b[K\n'}
[5.822185] (-) TimerEvent: {}
[5.907011] (sonia_common_ros2) StdoutLine: {'line': b'[32/88] Building C object CMakeFiles/sonia_common_ros2__rosidl_typesupport_introspection_c.dir/rosidl_typesupport_introspection_c/sonia_common_ros2/msg/detail/mission_status__type_support.c.o\x1b[K\n'}
[5.907657] (sonia_common_ros2) StdoutLine: {'line': b'[33/88] Building C object CMakeFiles/sonia_common_ros2__rosidl_typesupport_introspection_c.dir/rosidl_typesupport_introspection_c/sonia_common_ros2/msg/detail/mission_status__type_support.c.o\x1b[K\n'}
[5.922305] (-) TimerEvent: {}
[5.933164] (sonia_common_ros2) StdoutLine: {'line': b'[33/88] Building C object CMakeFiles/sonia_common_ros2__rosidl_typesupport_introspection_c.dir/rosidl_typesupport_introspection_c/sonia_common_ros2/msg/detail/obstacle_info__type_support.c.o\x1b[K\n'}
[5.933564] (sonia_common_ros2) StdoutLine: {'line': b'[34/88] Building C object CMakeFiles/sonia_common_ros2__rosidl_typesupport_introspection_c.dir/rosidl_typesupport_introspection_c/sonia_common_ros2/msg/detail/obstacle_array__type_support.c.o\x1b[K\n'}
[5.940477] (sonia_common_ros2) StdoutLine: {'line': b'[34/88] Building C object CMakeFiles/sonia_common_ros2__rosidl_typesupport_introspection_c.dir/rosidl_typesupport_introspection_c/sonia_common_ros2/msg/detail/pose__type_support.c.o\x1b[K\n'}
[5.940842] (sonia_common_ros2) StdoutLine: {'line': b'[35/88] Building CXX object CMakeFiles/sonia_common_ros2__rosidl_typesupport_fastrtps_c.dir/rosidl_typesupport_fastrtps_c/sonia_common_ros2/msg/detail/obstacle_info__type_support_c.cpp.o\x1b[K\n'}
[6.022435] (-) TimerEvent: {}
[6.123354] (-) TimerEvent: {}
[6.126577] (sonia_common_ros2) StdoutLine: {'line': b'[35/88] Building C object CMakeFiles/sonia_common_ros2__rosidl_typesupport_introspection_c.dir/rosidl_typesupport_introspection_c/sonia_common_ros2/msg/detail/pose_array__type_support.c.o\x1b[K\n'}
[6.127035] (sonia_common_ros2) StdoutLine: {'line': b'[36/88] Building C object CMakeFiles/sonia_common_ros2__rosidl_typesupport_introspection_c.dir/rosidl_typesupport_introspection_c/sonia_common_ros2/msg/detail/obstacle_info__type_support.c.o\x1b[K\n'}
[6.146471] (sonia_common_ros2) StdoutLine: {'line': b'[36/88] Building C object CMakeFiles/sonia_common_ros2__rosidl_typesupport_introspection_c.dir/rosidl_typesupport_introspection_c/sonia_common_ros2/msg/detail/serial_message__type_support.c.o\x1b[K\n'}
[6.146833] (sonia_common_ros2) StdoutLine: {'line': b'[37/88] Building C object CMakeFiles/sonia_common_ros2__rosidl_typesupport_introspection_c.dir/rosidl_typesupport_introspection_c/sonia_common_ros2/msg/detail/pose_array__type_support.c.o\x1b[K\n'}
[6.174340] (sonia_common_ros2) StdoutLine: {'line': b'[37/88] Building C object CMakeFiles/sonia_common_ros2__rosidl_typesupport_introspection_c.dir/rosidl_typesupport_introspection_c/sonia_common_ros2/srv/detail/dropper_service__type_support.c.o\x1b[K\n'}
[6.176664] (sonia_common_ros2) StdoutLine: {'line': b'[38/88] Building C object CMakeFiles/sonia_common_ros2__rosidl_typesupport_introspection_c.dir/rosidl_typesupport_introspection_c/sonia_common_ros2/msg/detail/pose__type_support.c.o\x1b[K\n'}
[6.223487] (-) TimerEvent: {}
[6.331187] (-) TimerEvent: {}
[6.331632] (sonia_common_ros2) StdoutLine: {'line': b'[38/88] Building C object CMakeFiles/sonia_common_ros2__rosidl_typesupport_introspection_c.dir/rosidl_typesupport_introspection_c/sonia_common_ros2/srv/detail/serial_service__type_support.c.o\x1b[K\n'}
[6.331959] (sonia_common_ros2) StdoutLine: {'line': b'[39/88] Building C object CMakeFiles/sonia_common_ros2__rosidl_typesupport_introspection_c.dir/rosidl_typesupport_introspection_c/sonia_common_ros2/msg/detail/serial_message__type_support.c.o\x1b[K\n'}
[6.342451] (sonia_common_ros2) StdoutLine: {'line': b'[39/88] Building CXX object CMakeFiles/sonia_common_ros2__rosidl_typesupport_c.dir/rosidl_typesupport_c/sonia_common_ros2/msg/obstacle_array__type_support.cpp.o\x1b[K\n'}
[6.342804] (sonia_common_ros2) StdoutLine: {'line': b'[40/88] Building C object CMakeFiles/sonia_common_ros2__rosidl_typesupport_introspection_c.dir/rosidl_typesupport_introspection_c/sonia_common_ros2/srv/detail/dropper_service__type_support.c.o\x1b[K\n'}
[6.427849] (-) TimerEvent: {}
[6.455558] (sonia_common_ros2) StdoutLine: {'line': b'[40/88] Building CXX object CMakeFiles/sonia_common_ros2__rosidl_typesupport_c.dir/rosidl_typesupport_c/sonia_common_ros2/msg/obstacle_info__type_support.cpp.o\x1b[K\n'}
[6.458141] (sonia_common_ros2) StdoutLine: {'line': b'[41/88] Building C object CMakeFiles/sonia_common_ros2__rosidl_typesupport_introspection_c.dir/rosidl_typesupport_introspection_c/sonia_common_ros2/srv/detail/serial_service__type_support.c.o\x1b[K\n'}
[6.492633] (sonia_common_ros2) StdoutLine: {'line': b'[41/88] Linking C shared library libsonia_common_ros2__rosidl_typesupport_introspection_c.so\x1b[K\n'}
[6.494964] (sonia_common_ros2) StdoutLine: {'line': b'[42/88] Building CXX object CMakeFiles/sonia_common_ros2__rosidl_typesupport_c.dir/rosidl_typesupport_c/sonia_common_ros2/msg/obstacle_array__type_support.cpp.o\x1b[K\n'}
[6.526583] (sonia_common_ros2) StdoutLine: {'line': b'[42/88] Building CXX object CMakeFiles/sonia_common_ros2__rosidl_typesupport_c.dir/rosidl_typesupport_c/sonia_common_ros2/msg/pose__type_support.cpp.o\x1b[K\n'}
[6.527328] (sonia_common_ros2) StdoutLine: {'line': b'[43/88] Building CXX object CMakeFiles/sonia_common_ros2__rosidl_typesupport_c.dir/rosidl_typesupport_c/sonia_common_ros2/msg/obstacle_info__type_support.cpp.o\x1b[K\n'}
[6.527931] (-) TimerEvent: {}
[6.543115] (sonia_common_ros2) StdoutLine: {'line': b'[43/88] Building CXX object CMakeFiles/sonia_common_ros2__rosidl_typesupport_c.dir/rosidl_typesupport_c/sonia_common_ros2/msg/pose_array__type_support.cpp.o\x1b[K\n'}
[6.543640] (sonia_common_ros2) StdoutLine: {'line': b'[44/88] Building CXX object CMakeFiles/sonia_common_ros2__rosidl_typesupport_fastrtps_c.dir/rosidl_typesupport_fastrtps_c/sonia_common_ros2/msg/detail/pose__type_support_c.cpp.o\x1b[K\n'}
[6.566225] (sonia_common_ros2) StdoutLine: {'line': b'[44/88] Building CXX object CMakeFiles/sonia_common_ros2__rosidl_typesupport_c.dir/rosidl_typesupport_c/sonia_common_ros2/msg/serial_message__type_support.cpp.o\x1b[K\n'}
[6.566995] (sonia_common_ros2) StdoutLine: {'line': b'[45/88] Linking C shared library libsonia_common_ros2__rosidl_typesupport_introspection_c.so\x1b[K\n'}
[6.628099] (-) TimerEvent: {}
[6.637734] (sonia_common_ros2) StdoutLine: {'line': b'[45/88] Building CXX object CMakeFiles/sonia_common_ros2__rosidl_typesupport_c.dir/rosidl_typesupport_c/sonia_common_ros2/srv/dropper_service__type_support.cpp.o\x1b[K\n'}
[6.638121] (sonia_common_ros2) StdoutLine: {'line': b'[46/88] Building CXX object CMakeFiles/sonia_common_ros2__rosidl_typesupport_c.dir/rosidl_typesupport_c/sonia_common_ros2/msg/pose__type_support.cpp.o\x1b[K\n'}
[6.660830] (sonia_common_ros2) StdoutLine: {'line': b'[46/88] Building CXX object CMakeFiles/sonia_common_ros2__rosidl_typesupport_c.dir/rosidl_typesupport_c/sonia_common_ros2/srv/serial_service__type_support.cpp.o\x1b[K\n'}
[6.666334] (sonia_common_ros2) StdoutLine: {'line': b'[47/88] Building CXX object CMakeFiles/sonia_common_ros2__rosidl_typesupport_c.dir/rosidl_typesupport_c/sonia_common_ros2/msg/serial_message__type_support.cpp.o\x1b[K\n'}
[6.718107] (sonia_common_ros2) StdoutLine: {'line': b'[47/88] Building CXX object CMakeFiles/sonia_common_ros2__rosidl_typesupport_fastrtps_cpp.dir/rosidl_typesupport_fastrtps_cpp/sonia_common_ros2/msg/detail/dds_fastrtps/obstacle_info__type_support.cpp.o\x1b[K\n'}
[6.719000] (sonia_common_ros2) StdoutLine: {'line': b'[48/88] Building CXX object CMakeFiles/sonia_common_ros2__rosidl_typesupport_c.dir/rosidl_typesupport_c/sonia_common_ros2/msg/pose_array__type_support.cpp.o\x1b[K\n'}
[6.720083] (sonia_common_ros2) StdoutLine: {'line': b'[48/88] Building CXX object CMakeFiles/sonia_common_ros2__rosidl_typesupport_fastrtps_cpp.dir/rosidl_typesupport_fastrtps_cpp/sonia_common_ros2/msg/detail/dds_fastrtps/pose__type_support.cpp.o\x1b[K\n'}
[6.720732] (sonia_common_ros2) StdoutLine: {'line': b'[49/88] Building CXX object CMakeFiles/sonia_common_ros2__rosidl_typesupport_c.dir/rosidl_typesupport_c/sonia_common_ros2/srv/dropper_service__type_support.cpp.o\x1b[K\n'}
[6.728210] (-) TimerEvent: {}
[6.750749] (sonia_common_ros2) StdoutLine: {'line': b'[49/88] Building CXX object CMakeFiles/sonia_common_ros2__rosidl_typesupport_fastrtps_cpp.dir/rosidl_typesupport_fastrtps_cpp/sonia_common_ros2/msg/detail/dds_fastrtps/pose_array__type_support.cpp.o\x1b[K\n'}
[6.751335] (sonia_common_ros2) StdoutLine: {'line': b'[50/88] Building CXX object CMakeFiles/sonia_common_ros2__rosidl_typesupport_fastrtps_c.dir/rosidl_typesupport_fastrtps_c/sonia_common_ros2/msg/detail/pose_array__type_support_c.cpp.o\x1b[K\n'}
[6.773602] (sonia_common_ros2) StdoutLine: {'line': b'[50/88] Building CXX object CMakeFiles/sonia_common_ros2__rosidl_typesupport_fastrtps_cpp.dir/rosidl_typesupport_fastrtps_cpp/sonia_common_ros2/msg/detail/dds_fastrtps/serial_message__type_support.cpp.o\x1b[K\n'}
[6.774274] (sonia_common_ros2) StdoutLine: {'line': b'[51/88] Building CXX object CMakeFiles/sonia_common_ros2__rosidl_typesupport_c.dir/rosidl_typesupport_c/sonia_common_ros2/srv/serial_service__type_support.cpp.o\x1b[K\n'}
[6.791676] (sonia_common_ros2) StdoutLine: {'line': b'[51/88] Linking CXX shared library libsonia_common_ros2__rosidl_typesupport_c.so\x1b[K\n'}
[6.794292] (sonia_common_ros2) StdoutLine: {'line': b'[52/88] Building CXX object CMakeFiles/sonia_common_ros2__rosidl_typesupport_fastrtps_c.dir/rosidl_typesupport_fastrtps_c/sonia_common_ros2/msg/detail/serial_message__type_support_c.cpp.o\x1b[K\n'}
[6.828341] (-) TimerEvent: {}
[6.929112] (-) TimerEvent: {}
[6.996325] (sonia_common_ros2) StdoutLine: {'line': b'[52/88] Building CXX object CMakeFiles/sonia_common_ros2__rosidl_typesupport_fastrtps_cpp.dir/rosidl_typesupport_fastrtps_cpp/sonia_common_ros2/srv/detail/dds_fastrtps/dropper_service__type_support.cpp.o\x1b[K\n'}
[6.996789] (sonia_common_ros2) StdoutLine: {'line': b'[53/88] Building CXX object CMakeFiles/sonia_common_ros2__rosidl_typesupport_fastrtps_c.dir/rosidl_typesupport_fastrtps_c/sonia_common_ros2/srv/detail/serial_service__type_support_c.cpp.o\x1b[K\n'}
[7.026031] (sonia_common_ros2) StdoutLine: {'line': b'[53/88] Building CXX object CMakeFiles/sonia_common_ros2__rosidl_typesupport_fastrtps_cpp.dir/rosidl_typesupport_fastrtps_cpp/sonia_common_ros2/srv/detail/dds_fastrtps/serial_service__type_support.cpp.o\x1b[K\n'}
[7.026419] (sonia_common_ros2) StdoutLine: {'line': b'[54/88] Building CXX object CMakeFiles/sonia_common_ros2__rosidl_typesupport_fastrtps_c.dir/rosidl_typesupport_fastrtps_c/sonia_common_ros2/srv/detail/dropper_service__type_support_c.cpp.o\x1b[K\n'}
[7.029224] (-) TimerEvent: {}
[7.059601] (sonia_common_ros2) StdoutLine: {'line': b'[54/88] Linking CXX shared library libsonia_common_ros2__rosidl_typesupport_fastrtps_c.so\x1b[K\n'}
[7.060018] (sonia_common_ros2) StdoutLine: {'line': b'[55/88] Linking CXX shared library libsonia_common_ros2__rosidl_typesupport_c.so\x1b[K\n'}
[7.129563] (-) TimerEvent: {}
[7.230054] (-) TimerEvent: {}
[7.330486] (-) TimerEvent: {}
[7.332516] (sonia_common_ros2) StdoutLine: {'line': b'[55/88] Building CXX object CMakeFiles/sonia_common_ros2__rosidl_typesupport_introspection_cpp.dir/rosidl_typesupport_introspection_cpp/sonia_common_ros2/msg/detail/mission_status__type_support.cpp.o\x1b[K\n'}
[7.332907] (sonia_common_ros2) StdoutLine: {'line': b'[56/88] Linking CXX shared library libsonia_common_ros2__rosidl_typesupport_fastrtps_c.so\x1b[K\n'}
[7.434468] (-) TimerEvent: {}
[7.535014] (-) TimerEvent: {}
[7.635439] (-) TimerEvent: {}
[7.735863] (-) TimerEvent: {}
[7.836375] (-) TimerEvent: {}
[7.937241] (-) TimerEvent: {}
[7.942162] (sonia_common_ros2) StdoutLine: {'line': b'[56/88] Building CXX object CMakeFiles/sonia_common_ros2__rosidl_typesupport_introspection_cpp.dir/rosidl_typesupport_introspection_cpp/sonia_common_ros2/msg/detail/obstacle_info__type_support.cpp.o\x1b[K\n'}
[7.942583] (sonia_common_ros2) StdoutLine: {'line': b'[57/88] Building CXX object CMakeFiles/sonia_common_ros2__rosidl_typesupport_fastrtps_cpp.dir/rosidl_typesupport_fastrtps_cpp/sonia_common_ros2/msg/detail/dds_fastrtps/pose__type_support.cpp.o\x1b[K\n'}
[7.982648] (sonia_common_ros2) StdoutLine: {'line': b'[57/88] Building CXX object CMakeFiles/sonia_common_ros2__rosidl_typesupport_introspection_cpp.dir/rosidl_typesupport_introspection_cpp/sonia_common_ros2/msg/detail/pose__type_support.cpp.o\x1b[K\n'}
[7.983102] (sonia_common_ros2) StdoutLine: {'line': b'[58/88] Building CXX object CMakeFiles/sonia_common_ros2__rosidl_typesupport_fastrtps_cpp.dir/rosidl_typesupport_fastrtps_cpp/sonia_common_ros2/msg/detail/dds_fastrtps/obstacle_info__type_support.cpp.o\x1b[K\n'}
[8.010008] (sonia_common_ros2) StdoutLine: {'line': b'[58/88] Building CXX object CMakeFiles/sonia_common_ros2__rosidl_typesupport_introspection_cpp.dir/rosidl_typesupport_introspection_cpp/sonia_common_ros2/msg/detail/pose_array__type_support.cpp.o\x1b[K\n'}
[8.010450] (sonia_common_ros2) StdoutLine: {'line': b'[59/88] Building CXX object CMakeFiles/sonia_common_ros2__rosidl_typesupport_fastrtps_cpp.dir/rosidl_typesupport_fastrtps_cpp/sonia_common_ros2/srv/detail/dds_fastrtps/dropper_service__type_support.cpp.o\x1b[K\n'}
[8.037380] (-) TimerEvent: {}
[8.108117] (sonia_common_ros2) StdoutLine: {'line': b'[59/88] Building CXX object CMakeFiles/sonia_common_ros2__rosidl_typesupport_introspection_cpp.dir/rosidl_typesupport_introspection_cpp/sonia_common_ros2/msg/detail/serial_message__type_support.cpp.o\x1b[K\n'}
[8.108690] (sonia_common_ros2) StdoutLine: {'line': b'[60/88] Building CXX object CMakeFiles/sonia_common_ros2__rosidl_typesupport_fastrtps_cpp.dir/rosidl_typesupport_fastrtps_cpp/sonia_common_ros2/msg/detail/dds_fastrtps/pose_array__type_support.cpp.o\x1b[K\n'}
[8.137560] (-) TimerEvent: {}
[8.168445] (sonia_common_ros2) StdoutLine: {'line': b'[60/88] Building CXX object CMakeFiles/sonia_common_ros2__rosidl_typesupport_introspection_cpp.dir/rosidl_typesupport_introspection_cpp/sonia_common_ros2/srv/detail/dropper_service__type_support.cpp.o\x1b[K\n'}
[8.168790] (sonia_common_ros2) StdoutLine: {'line': b'[61/88] Building CXX object CMakeFiles/sonia_common_ros2__rosidl_typesupport_fastrtps_cpp.dir/rosidl_typesupport_fastrtps_cpp/sonia_common_ros2/msg/detail/dds_fastrtps/serial_message__type_support.cpp.o\x1b[K\n'}
[8.237682] (-) TimerEvent: {}
[8.338190] (-) TimerEvent: {}
[8.438709] (-) TimerEvent: {}
[8.522802] (sonia_common_ros2) StdoutLine: {'line': b'[61/88] Building CXX object CMakeFiles/sonia_common_ros2__rosidl_typesupport_introspection_cpp.dir/rosidl_typesupport_introspection_cpp/sonia_common_ros2/srv/detail/serial_service__type_support.cpp.o\x1b[K\n'}
[8.523197] (sonia_common_ros2) StdoutLine: {'line': b'[62/88] Building CXX object CMakeFiles/sonia_common_ros2__rosidl_typesupport_introspection_cpp.dir/rosidl_typesupport_introspection_cpp/sonia_common_ros2/msg/detail/mission_status__type_support.cpp.o\x1b[K\n'}
[8.538836] (-) TimerEvent: {}
[8.566271] (sonia_common_ros2) StdoutLine: {'line': b'[62/88] Building CXX object CMakeFiles/sonia_common_ros2__rosidl_typesupport_cpp.dir/rosidl_typesupport_cpp/sonia_common_ros2/msg/obstacle_array__type_support.cpp.o\x1b[K\n'}
[8.568890] (sonia_common_ros2) StdoutLine: {'line': b'[63/88] Building CXX object CMakeFiles/sonia_common_ros2__rosidl_typesupport_introspection_cpp.dir/rosidl_typesupport_introspection_cpp/sonia_common_ros2/msg/detail/obstacle_info__type_support.cpp.o\x1b[K\n'}
[8.638964] (-) TimerEvent: {}
[8.652855] (sonia_common_ros2) StdoutLine: {'line': b'[63/88] Building CXX object CMakeFiles/sonia_common_ros2__rosidl_typesupport_cpp.dir/rosidl_typesupport_cpp/sonia_common_ros2/msg/pose_array__type_support.cpp.o\x1b[K\n'}
[8.655143] (sonia_common_ros2) StdoutLine: {'line': b'[64/88] Building CXX object CMakeFiles/sonia_common_ros2__rosidl_typesupport_fastrtps_cpp.dir/rosidl_typesupport_fastrtps_cpp/sonia_common_ros2/srv/detail/dds_fastrtps/serial_service__type_support.cpp.o\x1b[K\n'}
[8.739088] (-) TimerEvent: {}
[8.839587] (-) TimerEvent: {}
[8.940129] (-) TimerEvent: {}
[9.040646] (-) TimerEvent: {}
[9.041491] (sonia_common_ros2) StdoutLine: {'line': b'[64/88] Linking CXX shared library libsonia_common_ros2__rosidl_typesupport_fastrtps_cpp.so\x1b[K\n'}
[9.041904] (sonia_common_ros2) StdoutLine: {'line': b'[65/88] Linking CXX shared library libsonia_common_ros2__rosidl_typesupport_fastrtps_cpp.so\x1b[K\n'}
[9.140768] (-) TimerEvent: {}
[9.220118] (sonia_common_ros2) StdoutLine: {'line': b'[65/88] Building CXX object CMakeFiles/sonia_common_ros2__rosidl_typesupport_cpp.dir/rosidl_typesupport_cpp/sonia_common_ros2/msg/pose__type_support.cpp.o\x1b[K\n'}
[9.220634] (sonia_common_ros2) StdoutLine: {'line': b'[66/88] Building CXX object CMakeFiles/sonia_common_ros2__rosidl_typesupport_introspection_cpp.dir/rosidl_typesupport_introspection_cpp/sonia_common_ros2/srv/detail/dropper_service__type_support.cpp.o\x1b[K\n'}
[9.231796] (sonia_common_ros2) StdoutLine: {'line': b'[66/88] Building CXX object CMakeFiles/sonia_common_ros2__rosidl_typesupport_cpp.dir/rosidl_typesupport_cpp/sonia_common_ros2/msg/serial_message__type_support.cpp.o\x1b[K\n'}
[9.232349] (sonia_common_ros2) StdoutLine: {'line': b'[67/88] Building CXX object CMakeFiles/sonia_common_ros2__rosidl_typesupport_introspection_cpp.dir/rosidl_typesupport_introspection_cpp/sonia_common_ros2/msg/detail/pose__type_support.cpp.o\x1b[K\n'}
[9.240884] (-) TimerEvent: {}
[9.341379] (-) TimerEvent: {}
[9.349869] (sonia_common_ros2) StdoutLine: {'line': b'[67/88] Building CXX object CMakeFiles/sonia_common_ros2__rosidl_typesupport_cpp.dir/rosidl_typesupport_cpp/sonia_common_ros2/srv/dropper_service__type_support.cpp.o\x1b[K\n'}
[9.350514] (sonia_common_ros2) StdoutLine: {'line': b'[68/88] Building CXX object CMakeFiles/sonia_common_ros2__rosidl_typesupport_introspection_cpp.dir/rosidl_typesupport_introspection_cpp/sonia_common_ros2/msg/detail/serial_message__type_support.cpp.o\x1b[K\n'}
[9.359278] (sonia_common_ros2) StdoutLine: {'line': b'[68/88] Building CXX object CMakeFiles/sonia_common_ros2__rosidl_typesupport_cpp.dir/rosidl_typesupport_cpp/sonia_common_ros2/srv/serial_service__type_support.cpp.o\x1b[K\n'}
[9.359946] (sonia_common_ros2) StdoutLine: {'line': b'[69/88] Building CXX object CMakeFiles/sonia_common_ros2__rosidl_typesupport_cpp.dir/rosidl_typesupport_cpp/sonia_common_ros2/msg/obstacle_array__type_support.cpp.o\x1b[K\n'}
[9.382707] (sonia_common_ros2) StdoutLine: {'line': b'[69/88] Building CXX object CMakeFiles/sonia_common_ros2_matlab.dir/src/sonia_common_ros2_KillStatus_message.cpp.o\x1b[K\n'}
[9.383351] (sonia_common_ros2) StdoutLine: {'line': b'[70/88] Building CXX object CMakeFiles/sonia_common_ros2__rosidl_typesupport_introspection_cpp.dir/rosidl_typesupport_introspection_cpp/sonia_common_ros2/msg/detail/pose_array__type_support.cpp.o\x1b[K\n'}
[9.393618] (sonia_common_ros2) StdoutLine: {'line': b'[70/88] Building CXX object CMakeFiles/sonia_common_ros2_matlab.dir/src/sonia_common_ros2_MissionStatus_message.cpp.o\x1b[K\n'}
[9.394105] (sonia_common_ros2) StdoutLine: {'line': b'[71/88] Building CXX object CMakeFiles/sonia_common_ros2__rosidl_typesupport_introspection_cpp.dir/rosidl_typesupport_introspection_cpp/sonia_common_ros2/srv/detail/serial_service__type_support.cpp.o\x1b[K\n'}
[9.441492] (-) TimerEvent: {}
[9.447086] (sonia_common_ros2) StdoutLine: {'line': b'[71/88] Linking CXX shared library libsonia_common_ros2__rosidl_typesupport_introspection_cpp.so\x1b[K\n'}
[9.447686] (sonia_common_ros2) StdoutLine: {'line': b'[72/88] Building CXX object CMakeFiles/sonia_common_ros2__rosidl_typesupport_cpp.dir/rosidl_typesupport_cpp/sonia_common_ros2/msg/pose_array__type_support.cpp.o\x1b[K\n'}
[9.541610] (-) TimerEvent: {}
[9.592435] (sonia_common_ros2) StdoutLine: {'line': b'[72/88] Building CXX object CMakeFiles/sonia_common_ros2_matlab.dir/src/sonia_common_ros2_ObstacleArray_message.cpp.o\x1b[K\n'}
[9.593203] (sonia_common_ros2) StdoutLine: {'line': b'[73/88] Linking CXX shared library libsonia_common_ros2__rosidl_typesupport_introspection_cpp.so\x1b[K\n'}
[9.641741] (-) TimerEvent: {}
[9.742294] (-) TimerEvent: {}
[9.842707] (-) TimerEvent: {}
[9.943139] (-) TimerEvent: {}
[9.985811] (sonia_common_ros2) StdoutLine: {'line': b'[73/88] Building CXX object CMakeFiles/sonia_common_ros2_matlab.dir/src/sonia_common_ros2_ObstacleInfo_message.cpp.o\x1b[K\n'}
[9.986352] (sonia_common_ros2) StdoutLine: {'line': b'[74/88] Building CXX object CMakeFiles/sonia_common_ros2__rosidl_typesupport_cpp.dir/rosidl_typesupport_cpp/sonia_common_ros2/msg/serial_message__type_support.cpp.o\x1b[K\n'}
[10.043255] (-) TimerEvent: {}
[10.109610] (sonia_common_ros2) StdoutLine: {'line': b'[74/88] Building CXX object CMakeFiles/sonia_common_ros2_matlab.dir/src/sonia_common_ros2_DropperService_service.cpp.o\x1b[K\n'}
[10.110095] (sonia_common_ros2) StdoutLine: {'line': b'[75/88] Building CXX object CMakeFiles/sonia_common_ros2__rosidl_typesupport_cpp.dir/rosidl_typesupport_cpp/sonia_common_ros2/srv/dropper_service__type_support.cpp.o\x1b[K\n'}
[10.134227] (sonia_common_ros2) StdoutLine: {'line': b'[75/88] Building CXX object CMakeFiles/sonia_common_ros2_matlab.dir/src/sonia_common_ros2_PoseArray_message.cpp.o\x1b[K\n'}
[10.134824] (sonia_common_ros2) StdoutLine: {'line': b'[76/88] Building CXX object CMakeFiles/sonia_common_ros2__rosidl_typesupport_cpp.dir/rosidl_typesupport_cpp/sonia_common_ros2/msg/pose__type_support.cpp.o\x1b[K\n'}
[10.143369] (-) TimerEvent: {}
[10.243775] (-) TimerEvent: {}
[10.268300] (sonia_common_ros2) StdoutLine: {'line': b'[76/88] Building CXX object CMakeFiles/sonia_common_ros2_matlab.dir/src/sonia_common_ros2_SerialMessage_message.cpp.o\x1b[K\n'}
[10.268709] (sonia_common_ros2) StdoutLine: {'line': b'[77/88] Building CXX object CMakeFiles/sonia_common_ros2__rosidl_typesupport_cpp.dir/rosidl_typesupport_cpp/sonia_common_ros2/srv/serial_service__type_support.cpp.o\x1b[K\n'}
[10.343889] (-) TimerEvent: {}
[10.444284] (-) TimerEvent: {}
[10.500546] (sonia_common_ros2) StdoutLine: {'line': b'[77/88] Linking CXX shared library libsonia_common_ros2__rosidl_typesupport_cpp.so\x1b[K\n'}
[10.500880] (sonia_common_ros2) StdoutLine: {'line': b'[78/88] Linking CXX shared library libsonia_common_ros2__rosidl_typesupport_cpp.so\x1b[K\n'}
[10.544409] (-) TimerEvent: {}
[10.644928] (-) TimerEvent: {}
[10.745358] (-) TimerEvent: {}
[10.845762] (-) TimerEvent: {}
[10.946165] (-) TimerEvent: {}
[11.046572] (-) TimerEvent: {}
[11.146992] (-) TimerEvent: {}
[11.247398] (-) TimerEvent: {}
[11.348238] (-) TimerEvent: {}
[11.449240] (-) TimerEvent: {}
[11.550134] (-) TimerEvent: {}
[11.650938] (-) TimerEvent: {}
[11.751679] (-) TimerEvent: {}
[11.852417] (-) TimerEvent: {}
[11.953193] (-) TimerEvent: {}
[12.053952] (-) TimerEvent: {}
[12.154752] (-) TimerEvent: {}
[12.255492] (-) TimerEvent: {}
[12.356370] (-) TimerEvent: {}
[12.457235] (-) TimerEvent: {}
[12.562376] (-) TimerEvent: {}
[12.663235] (-) TimerEvent: {}
[12.764197] (-) TimerEvent: {}
[12.868030] (-) TimerEvent: {}
[12.971821] (-) TimerEvent: {}
[13.076640] (-) TimerEvent: {}
[13.181390] (-) TimerEvent: {}
[13.282129] (-) TimerEvent: {}
[13.382965] (-) TimerEvent: {}
[13.483771] (-) TimerEvent: {}
[13.584575] (-) TimerEvent: {}
[13.685370] (-) TimerEvent: {}
[13.786097] (-) TimerEvent: {}
[13.889385] (-) TimerEvent: {}
[13.989854] (-) TimerEvent: {}
[14.090951] (-) TimerEvent: {}
[14.192428] (-) TimerEvent: {}
[14.293332] (-) TimerEvent: {}
[14.394098] (-) TimerEvent: {}
[14.501782] (-) TimerEvent: {}
[14.602233] (-) TimerEvent: {}
[14.702755] (-) TimerEvent: {}
[14.803597] (-) TimerEvent: {}
[14.904649] (-) TimerEvent: {}
[15.005523] (-) TimerEvent: {}
[15.106019] (-) TimerEvent: {}
[15.206795] (-) TimerEvent: {}
[15.307761] (-) TimerEvent: {}
[15.408598] (-) TimerEvent: {}
[15.509524] (-) TimerEvent: {}
[15.610403] (-) TimerEvent: {}
[15.710820] (-) TimerEvent: {}
[15.812450] (-) TimerEvent: {}
[15.912973] (-) TimerEvent: {}
[16.013370] (-) TimerEvent: {}
[16.113777] (-) TimerEvent: {}
[16.221392] (-) TimerEvent: {}
[16.322136] (-) TimerEvent: {}
[16.423039] (-) TimerEvent: {}
[16.523836] (-) TimerEvent: {}
[16.624699] (-) TimerEvent: {}
[16.725562] (-) TimerEvent: {}
[16.841376] (-) TimerEvent: {}
[16.950821] (-) TimerEvent: {}
[17.053376] (-) TimerEvent: {}
[17.165384] (-) TimerEvent: {}
[17.266211] (-) TimerEvent: {}
[17.367078] (-) TimerEvent: {}
[17.467552] (-) TimerEvent: {}
[17.569399] (-) TimerEvent: {}
[17.673379] (-) TimerEvent: {}
[17.775371] (-) TimerEvent: {}
[17.878261] (-) TimerEvent: {}
[17.983730] (-) TimerEvent: {}
[18.085800] (-) TimerEvent: {}
[18.189372] (-) TimerEvent: {}
[18.293391] (-) TimerEvent: {}
[18.397383] (-) TimerEvent: {}
[18.501383] (-) TimerEvent: {}
[18.605385] (-) TimerEvent: {}
[18.709379] (-) TimerEvent: {}
[18.813375] (-) TimerEvent: {}
[18.913788] (-) TimerEvent: {}
[19.014209] (-) TimerEvent: {}
[19.114634] (-) TimerEvent: {}
[19.215479] (-) TimerEvent: {}
[19.316315] (-) TimerEvent: {}
[19.421407] (-) TimerEvent: {}
[19.529379] (-) TimerEvent: {}
[19.637451] (-) TimerEvent: {}
[19.741381] (-) TimerEvent: {}
[19.845371] (-) TimerEvent: {}
[19.953378] (-) TimerEvent: {}
[20.057387] (-) TimerEvent: {}
[20.161376] (-) TimerEvent: {}
[20.262277] (-) TimerEvent: {}
[20.365377] (-) TimerEvent: {}
[20.469381] (-) TimerEvent: {}
[20.569806] (-) TimerEvent: {}
[20.672172] (-) TimerEvent: {}
[20.774053] (-) TimerEvent: {}
[20.874969] (-) TimerEvent: {}
[20.975845] (-) TimerEvent: {}
[21.076284] (-) TimerEvent: {}
[21.181395] (-) TimerEvent: {}
[21.281857] (-) TimerEvent: {}
[21.382637] (-) TimerEvent: {}
[21.483501] (-) TimerEvent: {}
[21.584594] (-) TimerEvent: {}
[21.685729] (-) TimerEvent: {}
[21.786142] (-) TimerEvent: {}
[21.893378] (-) TimerEvent: {}
[21.993825] (-) TimerEvent: {}
[22.094243] (-) TimerEvent: {}
[22.201374] (-) TimerEvent: {}
[22.301819] (-) TimerEvent: {}
[22.405381] (-) TimerEvent: {}
[22.509391] (-) TimerEvent: {}
[22.615395] (-) TimerEvent: {}
[22.715810] (-) TimerEvent: {}
[22.821234] (-) TimerEvent: {}
[22.924997] (-) TimerEvent: {}
[23.025570] (-) TimerEvent: {}
[23.137375] (-) TimerEvent: {}
[23.241380] (-) TimerEvent: {}
[23.341817] (-) TimerEvent: {}
[23.449528] (-) TimerEvent: {}
[23.549971] (-) TimerEvent: {}
[23.650540] (-) TimerEvent: {}
[23.765378] (-) TimerEvent: {}
[23.865828] (-) TimerEvent: {}
[23.973381] (-) TimerEvent: {}
[24.077377] (-) TimerEvent: {}
[24.177806] (-) TimerEvent: {}
[24.281379] (-) TimerEvent: {}
[24.389377] (-) TimerEvent: {}
[24.489871] (-) TimerEvent: {}
[24.590404] (-) TimerEvent: {}
[24.697378] (-) TimerEvent: {}
[24.797807] (-) TimerEvent: {}
[24.902256] (-) TimerEvent: {}
[25.002859] (-) TimerEvent: {}
[25.110350] (-) TimerEvent: {}
[25.210765] (-) TimerEvent: {}
[25.313462] (-) TimerEvent: {}
[25.413869] (-) TimerEvent: {}
[25.514289] (-) TimerEvent: {}
[25.614740] (-) TimerEvent: {}
[25.715163] (-) TimerEvent: {}
[25.815577] (-) TimerEvent: {}
[25.916012] (-) TimerEvent: {}
[26.017397] (-) TimerEvent: {}
[26.118211] (-) TimerEvent: {}
[26.219047] (-) TimerEvent: {}
[26.319909] (-) TimerEvent: {}
[26.420819] (-) TimerEvent: {}
[26.521795] (-) TimerEvent: {}
[26.622680] (-) TimerEvent: {}
[26.723563] (-) TimerEvent: {}
[26.824465] (-) TimerEvent: {}
[26.925312] (-) TimerEvent: {}
[27.026207] (-) TimerEvent: {}
[27.127081] (-) TimerEvent: {}
[27.227547] (-) TimerEvent: {}
[27.328485] (-) TimerEvent: {}
[27.429390] (-) TimerEvent: {}
[27.530334] (-) TimerEvent: {}
[27.631182] (-) TimerEvent: {}
[27.732193] (-) TimerEvent: {}
[27.833100] (-) TimerEvent: {}
[27.945399] (-) TimerEvent: {}
[28.045868] (-) TimerEvent: {}
[28.146767] (-) TimerEvent: {}
[28.247632] (-) TimerEvent: {}
[28.348505] (-) TimerEvent: {}
[28.449381] (-) TimerEvent: {}
[28.550235] (-) TimerEvent: {}
[28.651353] (-) TimerEvent: {}
[28.752162] (-) TimerEvent: {}
[28.852601] (-) TimerEvent: {}
[28.954221] (-) TimerEvent: {}
[29.055505] (-) TimerEvent: {}
[29.156321] (-) TimerEvent: {}
[29.258345] (-) TimerEvent: {}
[29.359150] (-) TimerEvent: {}
[29.459934] (-) TimerEvent: {}
[29.561688] (-) TimerEvent: {}
[29.667182] (-) TimerEvent: {}
[29.767671] (-) TimerEvent: {}
[29.868280] (-) TimerEvent: {}
[29.969044] (-) TimerEvent: {}
[30.072954] (-) TimerEvent: {}
[30.173382] (-) TimerEvent: {}
[30.274144] (-) TimerEvent: {}
[30.375850] (-) TimerEvent: {}
[30.477851] (-) TimerEvent: {}
[30.578894] (-) TimerEvent: {}
[30.679807] (-) TimerEvent: {}
[30.780666] (-) TimerEvent: {}
[30.881094] (-) TimerEvent: {}
[30.985787] (-) TimerEvent: {}
[31.086236] (-) TimerEvent: {}
[31.189701] (-) TimerEvent: {}
[31.293382] (-) TimerEvent: {}
[31.393814] (-) TimerEvent: {}
[31.495522] (-) TimerEvent: {}
[31.597676] (-) TimerEvent: {}
[31.706067] (-) TimerEvent: {}
[31.809071] (-) TimerEvent: {}
[31.909901] (-) TimerEvent: {}
[32.017559] (-) TimerEvent: {}
[32.118032] (-) TimerEvent: {}
[32.224676] (-) TimerEvent: {}
[32.325577] (-) TimerEvent: {}
[32.426435] (-) TimerEvent: {}
[32.527420] (-) TimerEvent: {}
[32.628290] (-) TimerEvent: {}
[32.729086] (-) TimerEvent: {}
[32.829949] (-) TimerEvent: {}
[32.935466] (-) TimerEvent: {}
[33.040434] (-) TimerEvent: {}
[33.147145] (-) TimerEvent: {}
[33.252070] (-) TimerEvent: {}
[33.352521] (-) TimerEvent: {}
[33.458934] (-) TimerEvent: {}
[33.561377] (-) TimerEvent: {}
[33.661816] (-) TimerEvent: {}
[33.762724] (-) TimerEvent: {}
[33.863158] (-) TimerEvent: {}
[33.973375] (-) TimerEvent: {}
[34.074665] (-) TimerEvent: {}
[34.175508] (-) TimerEvent: {}
[34.276385] (-) TimerEvent: {}
[34.381378] (-) TimerEvent: {}
[34.489380] (-) TimerEvent: {}
[34.593370] (-) TimerEvent: {}
[34.701376] (-) TimerEvent: {}
[34.801810] (-) TimerEvent: {}
[34.903354] (-) TimerEvent: {}
[35.003867] (-) TimerEvent: {}
[35.108032] (-) TimerEvent: {}
[35.208794] (-) TimerEvent: {}
[35.309311] (-) TimerEvent: {}
[35.409815] (-) TimerEvent: {}
[35.514631] (-) TimerEvent: {}
[35.622905] (-) TimerEvent: {}
[35.726904] (-) TimerEvent: {}
[35.833543] (-) TimerEvent: {}
[35.941391] (-) TimerEvent: {}
[36.044285] (-) TimerEvent: {}
[36.144698] (-) TimerEvent: {}
[36.245126] (-) TimerEvent: {}
[36.349386] (-) TimerEvent: {}
[36.449816] (-) TimerEvent: {}
[36.550625] (-) TimerEvent: {}
[36.651045] (-) TimerEvent: {}
[36.751474] (-) TimerEvent: {}
[36.852314] (-) TimerEvent: {}
[36.961372] (-) TimerEvent: {}
[37.069379] (-) TimerEvent: {}
[37.173384] (-) TimerEvent: {}
[37.273912] (-) TimerEvent: {}
[37.377384] (-) TimerEvent: {}
[37.479038] (-) TimerEvent: {}
[37.579525] (-) TimerEvent: {}
[37.679941] (-) TimerEvent: {}
[37.780357] (-) TimerEvent: {}
[37.880788] (-) TimerEvent: {}
[37.981213] (-) TimerEvent: {}
[38.083166] (-) TimerEvent: {}
[38.183597] (-) TimerEvent: {}
[38.284030] (-) TimerEvent: {}
[38.389378] (-) TimerEvent: {}
[38.489789] (-) TimerEvent: {}
[38.590646] (-) TimerEvent: {}
[38.691454] (-) TimerEvent: {}
[38.791897] (-) TimerEvent: {}
[38.892330] (-) TimerEvent: {}
[38.992822] (-) TimerEvent: {}
[39.093263] (-) TimerEvent: {}
[39.193703] (-) TimerEvent: {}
[39.294115] (-) TimerEvent: {}
[39.394543] (-) TimerEvent: {}
[39.494977] (-) TimerEvent: {}
[39.595853] (-) TimerEvent: {}
[39.696299] (-) TimerEvent: {}
[39.797164] (-) TimerEvent: {}
[39.899619] (-) TimerEvent: {}
[40.000372] (-) TimerEvent: {}
[40.100810] (-) TimerEvent: {}
[40.201239] (-) TimerEvent: {}
[40.303175] (-) TimerEvent: {}
[40.403636] (-) TimerEvent: {}
[40.504060] (-) TimerEvent: {}
[40.607325] (-) TimerEvent: {}
[40.708823] (-) TimerEvent: {}
[40.812296] (-) TimerEvent: {}
[40.913531] (-) TimerEvent: {}
[41.021185] (-) TimerEvent: {}
[41.121674] (-) TimerEvent: {}
[41.222092] (-) TimerEvent: {}
[41.322526] (-) TimerEvent: {}
[41.422970] (-) TimerEvent: {}
[41.529169] (-) TimerEvent: {}
[41.630925] (-) TimerEvent: {}
[41.734305] (-) TimerEvent: {}
[41.834738] (-) TimerEvent: {}
[41.935172] (-) TimerEvent: {}
[42.041767] (-) TimerEvent: {}
[42.142239] (-) TimerEvent: {}
[42.242725] (-) TimerEvent: {}
[42.343803] (-) TimerEvent: {}
[42.444230] (-) TimerEvent: {}
[42.544962] (-) TimerEvent: {}
[42.645445] (-) TimerEvent: {}
[42.757380] (-) TimerEvent: {}
[42.857851] (-) TimerEvent: {}
[42.959839] (-) TimerEvent: {}
[43.060291] (-) TimerEvent: {}
[43.177383] (-) TimerEvent: {}
[43.277815] (-) TimerEvent: {}
[43.389380] (-) TimerEvent: {}
[43.496859] (-) TimerEvent: {}
[43.597340] (-) TimerEvent: {}
[43.697780] (-) TimerEvent: {}
[43.801399] (-) TimerEvent: {}
[43.905379] (-) TimerEvent: {}
[44.005822] (-) TimerEvent: {}
[44.106263] (-) TimerEvent: {}
[44.206704] (-) TimerEvent: {}
[44.307128] (-) TimerEvent: {}
[44.409680] (-) TimerEvent: {}
[44.510103] (-) TimerEvent: {}
[44.610528] (-) TimerEvent: {}
[44.711331] (-) TimerEvent: {}
[44.811768] (-) TimerEvent: {}
[44.912511] (-) TimerEvent: {}
[45.013313] (-) TimerEvent: {}
[45.114176] (-) TimerEvent: {}
[45.214921] (-) TimerEvent: {}
[45.315636] (-) TimerEvent: {}
[45.416148] (-) TimerEvent: {}
[45.516572] (-) TimerEvent: {}
[45.617008] (-) TimerEvent: {}
[45.717448] (-) TimerEvent: {}
[45.817882] (-) TimerEvent: {}
[45.918317] (-) TimerEvent: {}
[46.018736] (-) TimerEvent: {}
[46.119126] (-) TimerEvent: {}
[46.220354] (-) TimerEvent: {}
[46.320778] (-) TimerEvent: {}
[46.421205] (-) TimerEvent: {}
[46.522036] (-) TimerEvent: {}
[46.622477] (-) TimerEvent: {}
[46.722896] (-) TimerEvent: {}
[46.823315] (-) TimerEvent: {}
[46.923818] (-) TimerEvent: {}
[47.024250] (-) TimerEvent: {}
[47.124655] (-) TimerEvent: {}
[47.145958] (sonia_common_ros2) StdoutLine: {'line': b'[78/88] Building CXX object CMakeFiles/sonia_common_ros2_matlab.dir/src/sonia_common_ros2_Pose_message.cpp.o\x1b[K\n'}
[47.224780] (-) TimerEvent: {}
[47.325683] (-) TimerEvent: {}
[47.426119] (-) TimerEvent: {}
[47.526934] (-) TimerEvent: {}
[47.627773] (-) TimerEvent: {}
[47.728203] (-) TimerEvent: {}
[47.829368] (-) TimerEvent: {}
[47.930236] (-) TimerEvent: {}
[48.030659] (-) TimerEvent: {}
[48.131113] (-) TimerEvent: {}
[48.231921] (-) TimerEvent: {}
[48.332790] (-) TimerEvent: {}
[48.433237] (-) TimerEvent: {}
[48.534439] (-) TimerEvent: {}
[48.634860] (-) TimerEvent: {}
[48.735287] (-) TimerEvent: {}
[48.835708] (-) TimerEvent: {}
[48.936143] (-) TimerEvent: {}
[49.036539] (-) TimerEvent: {}
[49.090578] (sonia_common_ros2) StdoutLine: {'line': b'[79/88] Building CXX object CMakeFiles/sonia_common_ros2_matlab.dir/src/sonia_common_ros2_ObstacleArray_message.cpp.o\x1b[K\n'}
[49.145376] (-) TimerEvent: {}
[49.255677] (-) TimerEvent: {}
[49.357386] (-) TimerEvent: {}
[49.461391] (-) TimerEvent: {}
[49.561931] (-) TimerEvent: {}
[49.663432] (-) TimerEvent: {}
[49.765374] (-) TimerEvent: {}
[49.869379] (-) TimerEvent: {}
[49.971384] (-) TimerEvent: {}
[50.072898] (-) TimerEvent: {}
[50.140952] (sonia_common_ros2) StdoutLine: {'line': b'[80/88] Building CXX object CMakeFiles/sonia_common_ros2_matlab.dir/src/sonia_common_ros2_KillStatus_message.cpp.o\x1b[K\n'}
[50.173406] (-) TimerEvent: {}
[50.277390] (-) TimerEvent: {}
[50.381376] (-) TimerEvent: {}
[50.485378] (-) TimerEvent: {}
[50.589367] (-) TimerEvent: {}
[50.690132] (-) TimerEvent: {}
[50.796333] (-) TimerEvent: {}
[50.896759] (-) TimerEvent: {}
[50.999275] (-) TimerEvent: {}
[51.100103] (-) TimerEvent: {}
[51.200969] (-) TimerEvent: {}
[51.310399] (-) TimerEvent: {}
[51.410831] (-) TimerEvent: {}
[51.469507] (sonia_common_ros2) StdoutLine: {'line': b'[81/88] Building CXX object CMakeFiles/sonia_common_ros2_matlab.dir/src/sonia_common_ros2_PoseArray_message.cpp.o\x1b[K\n'}
[51.513352] (-) TimerEvent: {}
[51.559614] (sonia_common_ros2) StdoutLine: {'line': b'[82/88] Building CXX object CMakeFiles/sonia_common_ros2_matlab.dir/src/sonia_common_ros2_MissionStatus_message.cpp.o\x1b[K\n'}
[51.614432] (-) TimerEvent: {}
[51.717366] (-) TimerEvent: {}
[51.821374] (-) TimerEvent: {}
[51.923973] (-) TimerEvent: {}
[51.981499] (sonia_common_ros2) StdoutLine: {'line': b'[83/88] Building CXX object CMakeFiles/sonia_common_ros2_matlab.dir/src/sonia_common_ros2_ObstacleInfo_message.cpp.o\x1b[K\n'}
[52.025391] (-) TimerEvent: {}
[52.129382] (-) TimerEvent: {}
[52.232519] (-) TimerEvent: {}
[52.333480] (-) TimerEvent: {}
[52.434036] (-) TimerEvent: {}
[52.534464] (-) TimerEvent: {}
[52.636250] (-) TimerEvent: {}
[52.737367] (-) TimerEvent: {}
[52.837797] (-) TimerEvent: {}
[52.946853] (-) TimerEvent: {}
[53.047381] (-) TimerEvent: {}
[53.128557] (sonia_common_ros2) StdoutLine: {'line': b'[84/88] Building CXX object CMakeFiles/sonia_common_ros2_matlab.dir/src/sonia_common_ros2_SerialMessage_message.cpp.o\x1b[K\n'}
[53.149358] (-) TimerEvent: {}
[53.250747] (-) TimerEvent: {}
[53.351509] (-) TimerEvent: {}
[53.451955] (-) TimerEvent: {}
[53.552859] (-) TimerEvent: {}
[53.653425] (-) TimerEvent: {}
[53.759479] (-) TimerEvent: {}
[53.859886] (-) TimerEvent: {}
[53.960307] (-) TimerEvent: {}
[54.060705] (-) TimerEvent: {}
[54.161116] (-) TimerEvent: {}
[54.261552] (-) TimerEvent: {}
[54.361953] (-) TimerEvent: {}
[54.462359] (-) TimerEvent: {}
[54.562759] (-) TimerEvent: {}
[54.663172] (-) TimerEvent: {}
[54.763610] (-) TimerEvent: {}
[54.864032] (-) TimerEvent: {}
[54.964464] (-) TimerEvent: {}
[55.064878] (-) TimerEvent: {}
[55.165310] (-) TimerEvent: {}
[55.265775] (-) TimerEvent: {}
[55.366186] (-) TimerEvent: {}
[55.466590] (-) TimerEvent: {}
[55.566995] (-) TimerEvent: {}
[55.667416] (-) TimerEvent: {}
[55.767819] (-) TimerEvent: {}
[55.868255] (-) TimerEvent: {}
[55.968701] (-) TimerEvent: {}
[56.069108] (-) TimerEvent: {}
[56.169535] (-) TimerEvent: {}
[56.269982] (-) TimerEvent: {}
[56.370320] (-) TimerEvent: {}
[56.470722] (-) TimerEvent: {}
[56.571173] (-) TimerEvent: {}
[56.671579] (-) TimerEvent: {}
[56.771943] (-) TimerEvent: {}
[56.872245] (-) TimerEvent: {}
[56.972571] (-) TimerEvent: {}
[57.072954] (-) TimerEvent: {}
[57.173340] (-) TimerEvent: {}
[57.273728] (-) TimerEvent: {}
[57.374148] (-) TimerEvent: {}
[57.474597] (-) TimerEvent: {}
[57.575004] (-) TimerEvent: {}
[57.675413] (-) TimerEvent: {}
[57.775803] (-) TimerEvent: {}
[57.876179] (-) TimerEvent: {}
[57.886459] (sonia_common_ros2) StdoutLine: {'line': b'[85/88] Building CXX object CMakeFiles/sonia_common_ros2_matlab.dir/src/sonia_common_ros2_Pose_message.cpp.o\x1b[K\n'}
[57.886884] (sonia_common_ros2) StdoutLine: {'line': b'[86/88] Building CXX object CMakeFiles/sonia_common_ros2_matlab.dir/src/sonia_common_ros2_DropperService_service.cpp.o\x1b[K\n'}
[57.976287] (-) TimerEvent: {}
[58.076694] (-) TimerEvent: {}
[58.177088] (-) TimerEvent: {}
[58.277493] (-) TimerEvent: {}
[58.377877] (-) TimerEvent: {}
[58.478263] (-) TimerEvent: {}
[58.578572] (-) TimerEvent: {}
[58.678934] (-) TimerEvent: {}
[58.779306] (-) TimerEvent: {}
[58.879605] (-) TimerEvent: {}
[58.979895] (-) TimerEvent: {}
[59.080177] (-) TimerEvent: {}
[59.180447] (-) TimerEvent: {}
[59.280715] (-) TimerEvent: {}
[59.380983] (-) TimerEvent: {}
[59.481311] (-) TimerEvent: {}
[59.581570] (-) TimerEvent: {}
[59.681863] (-) TimerEvent: {}
[59.782171] (-) TimerEvent: {}
[59.882490] (-) TimerEvent: {}
[59.982793] (-) TimerEvent: {}
[60.083102] (-) TimerEvent: {}
[60.183425] (-) TimerEvent: {}
[60.283735] (-) TimerEvent: {}
[60.384045] (-) TimerEvent: {}
[60.484352] (-) TimerEvent: {}
[60.584674] (-) TimerEvent: {}
[60.684987] (-) TimerEvent: {}
[60.785305] (-) TimerEvent: {}
[60.885623] (-) TimerEvent: {}
[60.985941] (-) TimerEvent: {}
[61.086250] (-) TimerEvent: {}
[61.186556] (-) TimerEvent: {}
[61.286881] (-) TimerEvent: {}
[61.387203] (-) TimerEvent: {}
[61.487525] (-) TimerEvent: {}
[61.587876] (-) TimerEvent: {}
[61.688214] (-) TimerEvent: {}
[61.788613] (-) TimerEvent: {}
[61.889051] (-) TimerEvent: {}
[61.989521] (-) TimerEvent: {}
[62.089947] (-) TimerEvent: {}
[62.190262] (-) TimerEvent: {}
[62.290542] (-) TimerEvent: {}
[62.390882] (-) TimerEvent: {}
[62.491180] (-) TimerEvent: {}
[62.591475] (-) TimerEvent: {}
[62.691768] (-) TimerEvent: {}
[62.792058] (-) TimerEvent: {}
[62.892361] (-) TimerEvent: {}
[62.992651] (-) TimerEvent: {}
[63.092943] (-) TimerEvent: {}
[63.193231] (-) TimerEvent: {}
[63.293535] (-) TimerEvent: {}
[63.393825] (-) TimerEvent: {}
[63.494117] (-) TimerEvent: {}
[63.594409] (-) TimerEvent: {}
[63.694699] (-) TimerEvent: {}
[63.795020] (-) TimerEvent: {}
[63.895306] (-) TimerEvent: {}
[63.995585] (-) TimerEvent: {}
[64.095877] (-) TimerEvent: {}
[64.196156] (-) TimerEvent: {}
[64.296439] (-) TimerEvent: {}
[64.396727] (-) TimerEvent: {}
[64.497015] (-) TimerEvent: {}
[64.597313] (-) TimerEvent: {}
[64.697595] (-) TimerEvent: {}
[64.797881] (-) TimerEvent: {}
[64.898176] (-) TimerEvent: {}
[64.998458] (-) TimerEvent: {}
[65.098749] (-) TimerEvent: {}
[65.199037] (-) TimerEvent: {}
[65.299361] (-) TimerEvent: {}
[65.399712] (-) TimerEvent: {}
[65.500017] (-) TimerEvent: {}
[65.601337] (-) TimerEvent: {}
[65.701742] (-) TimerEvent: {}
[65.802130] (-) TimerEvent: {}
[65.902471] (-) TimerEvent: {}
[66.002826] (-) TimerEvent: {}
[66.103161] (-) TimerEvent: {}
[66.203482] (-) TimerEvent: {}
[66.303805] (-) TimerEvent: {}
[66.404127] (-) TimerEvent: {}
[66.504460] (-) TimerEvent: {}
[66.604776] (-) TimerEvent: {}
[66.705075] (-) TimerEvent: {}
[66.805352] (-) TimerEvent: {}
[66.905651] (-) TimerEvent: {}
[67.005940] (-) TimerEvent: {}
[67.106221] (-) TimerEvent: {}
[67.206533] (-) TimerEvent: {}
[67.306877] (-) TimerEvent: {}
[67.407162] (-) TimerEvent: {}
[67.507454] (-) TimerEvent: {}
[67.607736] (-) TimerEvent: {}
[67.708021] (-) TimerEvent: {}
[67.808302] (-) TimerEvent: {}
[67.908577] (-) TimerEvent: {}
[68.008861] (-) TimerEvent: {}
[68.109160] (-) TimerEvent: {}
[68.209505] (-) TimerEvent: {}
[68.309809] (-) TimerEvent: {}
[68.410194] (-) TimerEvent: {}
[68.510507] (-) TimerEvent: {}
[68.610795] (-) TimerEvent: {}
[68.711087] (-) TimerEvent: {}
[68.811374] (-) TimerEvent: {}
[68.911718] (-) TimerEvent: {}
[69.013398] (-) TimerEvent: {}
[69.113684] (-) TimerEvent: {}
[69.213965] (-) TimerEvent: {}
[69.314265] (-) TimerEvent: {}
[69.414545] (-) TimerEvent: {}
[69.514826] (-) TimerEvent: {}
[69.615104] (-) TimerEvent: {}
[69.715386] (-) TimerEvent: {}
[69.815671] (-) TimerEvent: {}
[69.915951] (-) TimerEvent: {}
[70.016260] (-) TimerEvent: {}
[70.116569] (-) TimerEvent: {}
[70.216857] (-) TimerEvent: {}
[70.317124] (-) TimerEvent: {}
[70.417446] (-) TimerEvent: {}
[70.517774] (-) TimerEvent: {}
[70.618101] (-) TimerEvent: {}
[70.718437] (-) TimerEvent: {}
[70.818804] (-) TimerEvent: {}
[70.919155] (-) TimerEvent: {}
[71.019563] (-) TimerEvent: {}
[71.119878] (-) TimerEvent: {}
[71.220209] (-) TimerEvent: {}
[71.320610] (-) TimerEvent: {}
[71.420958] (-) TimerEvent: {}
[71.521386] (-) TimerEvent: {}
[71.621780] (-) TimerEvent: {}
[71.722160] (-) TimerEvent: {}
[71.822541] (-) TimerEvent: {}
[71.922926] (-) TimerEvent: {}
[72.023375] (-) TimerEvent: {}
[72.123726] (-) TimerEvent: {}
[72.224134] (-) TimerEvent: {}
[72.324483] (-) TimerEvent: {}
[72.424843] (-) TimerEvent: {}
[72.525239] (-) TimerEvent: {}
[72.626468] (-) TimerEvent: {}
[72.726866] (-) TimerEvent: {}
[72.827275] (-) TimerEvent: {}
[72.927692] (-) TimerEvent: {}
[73.028081] (-) TimerEvent: {}
[73.128501] (-) TimerEvent: {}
[73.228933] (-) TimerEvent: {}
[73.329353] (-) TimerEvent: {}
[73.429713] (-) TimerEvent: {}
[73.530062] (-) TimerEvent: {}
[73.630434] (-) TimerEvent: {}
[73.730806] (-) TimerEvent: {}
[73.831176] (-) TimerEvent: {}
[73.931535] (-) TimerEvent: {}
[74.031916] (-) TimerEvent: {}
[74.132243] (-) TimerEvent: {}
[74.232592] (-) TimerEvent: {}
[74.332931] (-) TimerEvent: {}
[74.433276] (-) TimerEvent: {}
[74.533602] (-) TimerEvent: {}
[74.633908] (-) TimerEvent: {}
[74.734186] (-) TimerEvent: {}
[74.834471] (-) TimerEvent: {}
[74.934746] (-) TimerEvent: {}
[75.035031] (-) TimerEvent: {}
[75.135303] (-) TimerEvent: {}
[75.235609] (-) TimerEvent: {}
[75.336010] (-) TimerEvent: {}
[75.436369] (-) TimerEvent: {}
[75.536685] (-) TimerEvent: {}
[75.637117] (-) TimerEvent: {}
[75.737459] (-) TimerEvent: {}
[75.837870] (-) TimerEvent: {}
[75.938269] (-) TimerEvent: {}
[76.038707] (-) TimerEvent: {}
[76.139127] (-) TimerEvent: {}
[76.239489] (-) TimerEvent: {}
[76.339809] (-) TimerEvent: {}
[76.440181] (-) TimerEvent: {}
[76.540468] (-) TimerEvent: {}
[76.640766] (-) TimerEvent: {}
[76.741127] (-) TimerEvent: {}
[76.841519] (-) TimerEvent: {}
[76.941918] (-) TimerEvent: {}
[77.042323] (-) TimerEvent: {}
[77.142701] (-) TimerEvent: {}
[77.243068] (-) TimerEvent: {}
[77.343461] (-) TimerEvent: {}
[77.443842] (-) TimerEvent: {}
[77.544209] (-) TimerEvent: {}
[77.644513] (-) TimerEvent: {}
[77.744848] (-) TimerEvent: {}
[77.845134] (-) TimerEvent: {}
[77.945457] (-) TimerEvent: {}
[78.045801] (-) TimerEvent: {}
[78.146162] (-) TimerEvent: {}
[78.246455] (-) TimerEvent: {}
[78.323485] (sonia_common_ros2) StdoutLine: {'line': b'[86/88] Building CXX object CMakeFiles/sonia_common_ros2_matlab.dir/src/sonia_common_ros2_SerialService_service.cpp.o\x1b[K\n'}
[78.323860] (sonia_common_ros2) StdoutLine: {'line': b'[87/88] Building CXX object CMakeFiles/sonia_common_ros2_matlab.dir/src/sonia_common_ros2_SerialService_service.cpp.o\x1b[K\n'}
[78.346553] (-) TimerEvent: {}
[78.446843] (-) TimerEvent: {}
[78.547149] (-) TimerEvent: {}
[78.647489] (-) TimerEvent: {}
[78.747835] (-) TimerEvent: {}
[78.848707] (-) TimerEvent: {}
[78.949155] (-) TimerEvent: {}
[79.049694] (-) TimerEvent: {}
[79.150100] (-) TimerEvent: {}
[79.250485] (-) TimerEvent: {}
[79.350851] (-) TimerEvent: {}
[79.451231] (-) TimerEvent: {}
[79.551565] (-) TimerEvent: {}
[79.651836] (-) TimerEvent: {}
[79.752108] (-) TimerEvent: {}
[79.852379] (-) TimerEvent: {}
[79.952665] (-) TimerEvent: {}
[80.052957] (-) TimerEvent: {}
[80.153268] (-) TimerEvent: {}
[80.253608] (-) TimerEvent: {}
[80.353905] (-) TimerEvent: {}
[80.454197] (-) TimerEvent: {}
[80.554514] (-) TimerEvent: {}
[80.654812] (-) TimerEvent: {}
[80.755109] (-) TimerEvent: {}
[80.855417] (-) TimerEvent: {}
[80.955754] (-) TimerEvent: {}
[81.056070] (-) TimerEvent: {}
[81.156392] (-) TimerEvent: {}
[81.256725] (-) TimerEvent: {}
[81.357035] (-) TimerEvent: {}
[81.457344] (-) TimerEvent: {}
[81.557632] (-) TimerEvent: {}
[81.657924] (-) TimerEvent: {}
[81.758223] (-) TimerEvent: {}
[81.858523] (-) TimerEvent: {}
[81.958852] (-) TimerEvent: {}
[82.059227] (-) TimerEvent: {}
[82.159521] (-) TimerEvent: {}
[82.259900] (-) TimerEvent: {}
[82.360192] (-) TimerEvent: {}
[82.460479] (-) TimerEvent: {}
[82.546897] (sonia_common_ros2) StdoutLine: {'line': b'[87/88] Linking CXX shared library libsonia_common_ros2_matlab.so\x1b[K\n'}
[82.547146] (sonia_common_ros2) StdoutLine: {'line': b'[88/88] Linking CXX shared library libsonia_common_ros2_matlab.so\x1b[K\n'}
[82.560573] (-) TimerEvent: {}
[82.561951] (sonia_common_ros2) CommandEnded: {'returncode': 0}
[82.591195] (sonia_common_ros2) JobProgress: {'identifier': 'sonia_common_ros2', 'progress': 'install'}
[82.596680] (sonia_common_ros2) Command: {'cmd': ['/usr/local/MATLAB/R2024a/bin/glnxa64/cmake/bin/cmake', '--install', '/home/nimai/ros2_sonia_ws/src/sonia_common_ros2/matlab_msg_gen/glnxa64/build/sonia_common_ros2'], 'cwd': '/home/nimai/ros2_sonia_ws/src/sonia_common_ros2/matlab_msg_gen/glnxa64/build/sonia_common_ros2', 'env': OrderedDict([('LESSOPEN', '| /usr/bin/lesspipe %s'), ('ARCH', 'glnxa64'), ('VSCODE_CWD', '/home/nimai/ros2_sonia_ws/src/control_library'), ('LANGUAGE', 'en_CA:en'), ('CUSTOM_LD_LIBRARY_PATH', ''), ('USER', 'nimai'), ('SNAP_COMMON', '/var/snap/code/common'), ('ROS_MAVEN_DEPLOYMENT_REPOSITORY', '/home/nimai/.m2/repository/'), ('LOCAL_PYTHON_VENV_PATH', '/home/nimai/.matlab/R2024a/ros2/glnxa64/venv'), ('VSCODE_NLS_CONFIG', '{"locale":"en-gb","osLocale":"en-ca","availableLanguages":{},"_languagePackSupport":true}'), ('MEMKIND_HEAP_MANAGER', 'TBB'), ('MATLAB_LOG_DIR', '/tmp/matlabls_36804'), ('GIO_MODULE_DIR', '/home/nimai/snap/code/common/.cache/gio-modules'), ('VSCODE_HANDLES_UNCAUGHT_ERRORS', 'true'), ('CUSTOM_AMENT_PREFIX_PATH', '/home/nimai/ros2_sonia_ws/src/sonia_common_ros2/matlab_msg_gen/glnxa64/install:/usr/local/MATLAB/R2024a/sys/ros2/glnxa64/ros2'), ('XDG_SESSION_TYPE', 'wayland'), ('SNAP_UID', '1000'), ('KMP_HANDLE_SIGNALS', '0'), ('SHLVL', '2'), ('ICU_TIMEZONE_FILES_DIR', '/usr/local/MATLAB/R2024a/bin/icutzdata'), ('LD_LIBRARY_PATH', ':/usr/local/MATLAB/R2024a/sys/ros2/glnxa64/ros2/lib:/usr/local/MATLAB/R2024a/sys/opengl/lib/glnxa64:/usr/local/MATLAB/R2024a/sys/os/glnxa64:/usr/local/MATLAB/R2024a/bin/glnxa64:/home/nimai/.MathWorks/sjIU_JBHMpDfD2I6PVGUzD1UvwcpVSfTWaVgy57sVOE/bin/glnxa64:/usr/local/MATLAB/R2024a/extern/lib/glnxa64:/usr/local/MATLAB/R2024a/cefclient/sys/os/glnxa64:/usr/local/MATLAB/R2024a/runtime/glnxa64:/usr/local/MATLAB/R2024a/sys/java/jre/glnxa64/jre/lib/amd64/native_threads:/usr/local/MATLAB/R2024a/sys/java/jre/glnxa64/jre/lib/amd64/server:/home/nimai/ros2_sonia_ws/install/sonia_common_ros2/lib:/home/nimai/ros2_sonia_ws/install/sonia_common_cpp/lib:/home/nimai/ros2_sonia_ws/install/btcpp_ros2_interfaces/lib:/home/nimai/ros2_sonia_ws/install/behaviortree_cpp/lib:/opt/ros/humble/opt/rviz_ogre_vendor/lib:/opt/ros/humble/lib/x86_64-linux-gnu:/opt/ros/humble/lib'), ('BASEMATLABPATH', ''), ('HOME', '/home/nimai'), ('CHROME_DESKTOP', 'code-url-handler.desktop'), ('SNAP_LIBRARY_PATH', '/var/lib/snapd/lib/gl:/var/lib/snapd/lib/gl32:/var/lib/snapd/void'), ('AUTOMOUNT_MAP', ''), ('OLDPWD', '/usr/local/MATLAB/R2024a'), ('DESKTOP_SESSION', 'ubuntu'), ('MW_LD_SHIM', '/usr/local/MATLAB/R2024a/bin/glnxa64/ld_shim.so.2.35.ubuntu_22_04'), ('SNAP_USER_DATA', '/home/nimai/snap/code/157'), ('GTK_PATH', '/snap/code/157/usr/lib/x86_64-linux-gnu/gtk-3.0'), ('VSCODE_IPC_HOOK', '/run/user/1000/vscode-4851b5d9-1.88-main.sock'), ('GTK_IM_MODULE_FILE', '/home/nimai/snap/code/common/.cache/immodules/immodules.cache'), ('ROS_PYTHON_VERSION', '3'), ('GNOME_SHELL_SESSION_MODE', 'ubuntu'), ('GTK_MODULES', 'gail:atk-bridge'), ('KMP_BLOCKTIME', '1'), ('PS1', '(venv)'), ('ELECTRON_NO_ASAR', '1'), ('ROS_IP', '10.192.164.236'), ('MANAGERPID', '933'), ('SYSTEMD_EXEC_PID', '1320'), ('DBUS_SESSION_BUS_ADDRESS', 'unix:path=/run/user/1000/bus'), ('SNAP_REVISION', '157'), ('COLORTERM', 'truecolor'), ('TERMINATOR_DBUS_NAME', 'net.tenshu.Terminator25ef4b219e3b005583550f2b0f9f990c3'), ('GIO_LAUNCHED_DESKTOP_FILE_PID', '35465'), ('VSCODE_CRASH_REPORTER_PROCESS_TYPE', 'extensionHost'), ('CUSTOM_SITE_PACKAGES_PATH', ''), ('IM_CONFIG_PHASE', '1'), ('WAYLAND_DISPLAY', 'wayland-0'), ('COLCON_PREFIX_PATH', '/home/nimai/ros2_sonia_ws/src/sonia_common_ros2/matlab_msg_gen/glnxa64/install:/usr/local/MATLAB/R2024a/sys/ros2/glnxa64/ros2:/usr/local/MATLAB/R2024a/sys/ros2/glnxa64/ros2'), ('MWAPIKEY', 'bVU8GKr.qEE~~mIVkDIqqQKPe9LNm1cuvxE8eduffQ_HOLqo-1PMCJB8IVGGSBFWPXSzdjqj5Zck~rif.oHtpUMPBWMirqE~oaoteiDy03mtcrjyEIBRa86iL5Zs0AyusN27fHmxB-BU7hkPV05J6cdbNa9X1L2GKORWxtlmC6TRLc3Ea2o~NHbvfrlmA02DfHh0fRshhy4YCeL2dE8aV9bpS3Ed1r0P3Ta9F5TkB9boUMaahuK0T1K7sldnP_myP9Zsmj~F0JiQzlobYUs7oG2d48mFniCFVwBWXQqwfqE2DkgtJ5GlqJrDXzmdQg4WNj.BEO4VzY4aD7Zgd__vuOpyYRw6iPiaBWxa4qkoTftee60Bi0lf2~2TGOJMsizE63U3m.mNAkViDK5-AumurnhU.iqcN3CJ6d3Rxt1CfYGy9eQ7PzBx-CCOsukceuFvQ5ot5GHmneRfKg0BnyPyg~FHtss92Fk.eE_igAQ-CrvVjxQhNZSFgamYUsajdyDPcLSmFD.wIMONJ5JZ7MK7a3hmQkudu9soighEJQiWOf15Lc~pd9dpOqF~5bBekXWWbkMvaaM2A08DIlFTKwmq3hwdDurcNonfT114qRy-_B8qrEkXi_7BiIwxUP1u.6-K6enOBmpt4g9Dg21TmJnxEXW.F-uRjZCDYZqfDJTyfXi6HctorsO9qSPFJVQm32LdWRqM4Mrc2I8Om20LFwIg2PrycW0Z0B5kNySF5ZaokHFGTEY4_Ea0tcYUQOhDh137on5~21mdx45sRjU-GBGmaWfrnZAPlHJY6EIjyBcD9~ZswjW8TBp_qMW~_JPMGVOvrT8xYW.7lkutO9J8ryLWR3f5osq6c4KM24mg2t3MbO8OkB5Nzy.N1_W7Dd_1l93PwiBb6FUwAs~EqyjoUTMod3eIj2wrXJwkhk8YzTaPIar4wMS7dZgdfR.PI24QlhyFPKmcJtAzHuZKfVVq2Rot9oeUiVM.JWrOAiuDhDdcraNbNAT40ClY~3Cwcw8ooPiJ'), ('ROS_DISTRO', 'humble'), ('LOGNAME', 'nimai'), ('MATLAB_MEM_MGR_VALUE', ''), ('ROS_WS_SETUP', '/opt/ros/humble/setup.bash'), ('SNAP_CONTEXT', 'dweeeN9gGlfCbhmsGyC6Kvhu3YkLnoaHvJ1HEDWbVqxLLZU8TS8U'), ('JOURNAL_STREAM', '8:31781'), ('_', '/home/nimai/.matlab/R2024a/ros2/glnxa64/venv/bin/colcon'), ('ROS_VERSION', '2'), ('XDG_CONFIG_DIRS_VSCODE_SNAP_ORIG', '/etc/xdg/xdg-ubuntu:/etc/xdg'), ('PKG_CONFIG_PATH', '/usr/local/MATLAB/R2024a/sys/ros2/glnxa64/ros2/lib/pkgconfig'), ('XDG_SESSION_CLASS', 'user'), ('SNAP_VERSION', 'e170252f'), ('XDG_DATA_DIRS_VSCODE_SNAP_ORIG', '/usr/share/ubuntu:/usr/local/share/:/usr/share/:/var/lib/snapd/desktop'), ('USERNAME', 'nimai'), ('TERM', 'xterm-256color'), ('GNOME_DESKTOP_SESSION_ID', 'this-is-deprecated'), ('SNAP_INSTANCE_NAME', 'code'), ('ROS_LOCALHOST_ONLY', '0'), ('AUV7_IP', '192.168.0.11'), ('AUV8_IP', '192.168.0.31'), ('PATH', '/usr/local/MATLAB/R2024a/bin/glnxa64/cmake/bin::/usr/local/MATLAB/R2024a/sys/ros2/glnxa64/ros2/bin:/home/nimai/.matlab/R2024a/ros2/glnxa64/venv/bin:/home/nimai/.matlab/R2024a/ros2/glnxa64/venv/bin:/usr/local/MATLAB/R2024a/toolbox/shared/coder/ninja/glnxa64:/home/nimai/ros2_sonia_ws/install/behaviortree_cpp/bin:/opt/ros/humble/bin:/usr/local/sbin:/usr/local/bin:/usr/sbin:/usr/bin:/sbin:/bin:/usr/games:/usr/local/games:/snap/bin:/snap/bin'), ('SESSION_MANAGER', 'local/nimai-specter:@/tmp/.ICE-unix/1080,unix/nimai-specter:/tmp/.ICE-unix/1080'), ('VSCODE_AMD_ENTRYPOINT', 'vs/workbench/api/node/extensionHostProcess'), ('GTK_EXE_PREFIX', '/snap/code/157/usr'), ('INVOCATION_ID', '787a178defe64be4829b4ac2d045d1d9'), ('XDG_MENU_PREFIX', 'gnome-'), ('GNOME_SETUP_DISPLAY', ':1'), ('SNAP_DATA', '/var/snap/code/157'), ('XDG_RUNTIME_DIR', '/run/user/1000'), ('GDK_BACKEND', 'x11'), ('TOOLBOX', '/usr/local/MATLAB/R2024a/toolbox'), ('MKL_DOMAIN_NUM_THREADS', ''), ('KMP_INIT_AT_FORK', 'false'), ('DISPLAY', ':0'), ('LOCPATH', '/snap/code/157/usr/lib/locale'), ('TERMINATOR_DBUS_PATH', '/net/tenshu/Terminator2'), ('LD_PRELOAD', ''), ('LANG', 'en_CA.UTF-8'), ('XDG_CURRENT_DESKTOP', 'Unity'), ('PRE_LD_PRELOAD', ''), ('IBUS_DISABLE_SNOOPER', '1'), ('VIRTUAL_ENV_PROMPT', '(venv)'), ('XMODIFIERS', '@im=ibus'), ('XDG_SESSION_DESKTOP', 'ubuntu'), ('XAUTHORITY', '/run/user/1000/.mutter-Xwaylandauth.GC2JM2'), ('LS_COLORS', 'rs=0:di=01;34:ln=01;36:mh=00:pi=40;33:so=01;35:do=01;35:bd=40;33;01:cd=40;33;01:or=40;31;01:mi=00:su=37;41:sg=30;43:ca=30;41:tw=30;42:ow=34;42:st=37;44:ex=01;32:*.tar=01;31:*.tgz=01;31:*.arc=01;31:*.arj=01;31:*.taz=01;31:*.lha=01;31:*.lz4=01;31:*.lzh=01;31:*.lzma=01;31:*.tlz=01;31:*.txz=01;31:*.tzo=01;31:*.t7z=01;31:*.zip=01;31:*.z=01;31:*.dz=01;31:*.gz=01;31:*.lrz=01;31:*.lz=01;31:*.lzo=01;31:*.xz=01;31:*.zst=01;31:*.tzst=01;31:*.bz2=01;31:*.bz=01;31:*.tbz=01;31:*.tbz2=01;31:*.tz=01;31:*.deb=01;31:*.rpm=01;31:*.jar=01;31:*.war=01;31:*.ear=01;31:*.sar=01;31:*.rar=01;31:*.alz=01;31:*.ace=01;31:*.zoo=01;31:*.cpio=01;31:*.7z=01;31:*.rz=01;31:*.cab=01;31:*.wim=01;31:*.swm=01;31:*.dwm=01;31:*.esd=01;31:*.jpg=01;35:*.jpeg=01;35:*.mjpg=01;35:*.mjpeg=01;35:*.gif=01;35:*.bmp=01;35:*.pbm=01;35:*.pgm=01;35:*.ppm=01;35:*.tga=01;35:*.xbm=01;35:*.xpm=01;35:*.tif=01;35:*.tiff=01;35:*.png=01;35:*.svg=01;35:*.svgz=01;35:*.mng=01;35:*.pcx=01;35:*.mov=01;35:*.mpg=01;35:*.mpeg=01;35:*.m2v=01;35:*.mkv=01;35:*.webm=01;35:*.webp=01;35:*.ogm=01;35:*.mp4=01;35:*.m4v=01;35:*.mp4v=01;35:*.vob=01;35:*.qt=01;35:*.nuv=01;35:*.wmv=01;35:*.asf=01;35:*.rm=01;35:*.rmvb=01;35:*.flc=01;35:*.avi=01;35:*.fli=01;35:*.flv=01;35:*.gl=01;35:*.dl=01;35:*.xcf=01;35:*.xwd=01;35:*.yuv=01;35:*.cgm=01;35:*.emf=01;35:*.ogv=01;35:*.ogx=01;35:*.aac=00;36:*.au=00;36:*.flac=00;36:*.m4a=00;36:*.mid=00;36:*.midi=00;36:*.mka=00;36:*.mp3=00;36:*.mpc=00;36:*.ogg=00;36:*.ra=00;36:*.wav=00;36:*.oga=00;36:*.opus=00;36:*.spx=00;36:*.xspf=00;36:'), ('SSH_AGENT_LAUNCHER', 'gnome-keyring'), ('SNAP_USER_COMMON', '/home/nimai/snap/code/common'), ('SSH_AUTH_SOCK', '/run/user/1000/keyring/ssh'), ('GSETTINGS_SCHEMA_DIR', '/home/nimai/snap/code/157/.local/share/glib-2.0/schemas'), ('SNAP_ARCH', 'amd64'), ('AMENT_PREFIX_PATH', '/home/nimai/ros2_sonia_ws/src/sonia_common_ros2/matlab_msg_gen/glnxa64/install:/usr/local/MATLAB/R2024a/sys/ros2/glnxa64/ros2:/usr/local/MATLAB/R2024a/sys/ros2/glnxa64/ros2'), ('SNAP_COOKIE', 'dweeeN9gGlfCbhmsGyC6Kvhu3YkLnoaHvJ1HEDWbVqxLLZU8TS8U'), ('ORIGINAL_XDG_CURRENT_DESKTOP', 'ubuntu:GNOME'), ('SHELL', '/bin/bash'), ('TERMINATOR_UUID', 'urn:uuid:243c8e21-9628-4c21-b20d-d0ef680b4e92'), ('CMAKE_PATH', '/usr/local/MATLAB/R2024a/bin/glnxa64/cmake/bin'), ('GDK_PIXBUF_MODULEDIR', '/snap/code/157/usr/lib/x86_64-linux-gnu/gdk-pixbuf-2.0/2.10.0/loaders'), ('XFILESEARCHPATH', '/usr/local/MATLAB/R2024a/sys/java/jre/glnxa64/jre/lib/locale/%L/%T/%N%S:'), ('QT_ACCESSIBILITY', '1'), ('ELECTRON_RUN_AS_NODE', '1'), ('NO_AT_BRIDGE', '1'), ('ROS_MASTER_URI', 'http://localhost:11311/'), ('GDMSESSION', 'ubuntu'), ('LESSCLOSE', '/usr/bin/lesspipe %s %s'), ('SNAP_NAME', 'code'), ('OSG_LD_LIBRARY_PATH', '/usr/local/MATLAB/R2024a/sys/openscenegraph/lib/glnxa64'), ('GDK_PIXBUF_MODULE_FILE', '/home/nimai/snap/code/common/.cache/gdk-pixbuf-loaders.cache'), ('VIRTUAL_ENV', '/home/nimai/.matlab/R2024a/ros2/glnxa64/venv'), ('SNAP_LAUNCHER_ARCH_TRIPLET', 'x86_64-linux-gnu'), ('CUSTOM_PATH', ''), ('KMP_STACKSIZE', '512k'), ('QT_IM_MODULE', 'ibus'), ('ROS_SONIA_WS', '/home/nimai/ros2_sonia_ws'), ('PWD', '/home/nimai/ros2_sonia_ws/src/sonia_common_ros2/matlab_msg_gen/glnxa64/build/sonia_common_ros2'), ('VSCODE_CLI', '1'), ('XDG_CONFIG_DIRS', '/etc/xdg/xdg-ubuntu:/etc/xdg'), ('SNAP_REAL_HOME', '/home/nimai'), ('VSCODE_CODE_CACHE_PATH', '/home/nimai/.config/Code/CachedData/e170252f762678dec6ca2cc69aba1570769a5d39'), ('DYLD_LIBRARY_PATH', ':/usr/local/MATLAB/R2024a/sys/ros2/glnxa64/ros2/lib:'), ('XDG_DATA_DIRS', '/home/nimai/snap/code/157/.local/share:/home/nimai/snap/code/157:/snap/code/157/usr/share:/usr/share/ubuntu:/usr/local/share/:/usr/share/:/var/lib/snapd/desktop'), ('MKL_NUM_THREADS', ''), ('MW_PATCH_OFFSETS', '0000117000002EA0'), ('SNAP_EUID', '1000'), ('PYTHONPATH', ':/usr/local/MATLAB/R2024a/sys/ros2/glnxa64/ros2/lib/python3.9/site-packages:/home/nimai/.matlab/R2024a/ros2/glnxa64/venv/lib/python3.10/site-packages:/home/nimai/ros2_sonia_ws/install/sonia_common_ros2/local/lib/python3.10/dist-packages:/home/nimai/ros2_sonia_ws/install/sonia_common_py/lib/python3.10/site-packages:/home/nimai/ros2_sonia_ws/install/rqt_toolbar/lib/python3.10/site-packages:/home/nimai/ros2_sonia_ws/install/rqt_actuator/lib/python3.10/site-packages:/home/nimai/ros2_sonia_ws/install/btcpp_ros2_interfaces/local/lib/python3.10/dist-packages:/opt/ros/humble/lib/python3.10/site-packages:/opt/ros/humble/local/lib/python3.10/dist-packages'), ('SNAP', '/snap/code/157'), ('LC_NUMERIC', 'C'), ('COLCON', '1'), ('VTE_VERSION', '6800'), ('ROS_HOME', '/home/nimai/ros2_sonia_ws'), ('ELECTRON_NO_ATTACH_CONSOLE', '1'), ('CMAKE_PREFIX_PATH', '/home/nimai/ros2_sonia_ws/src/sonia_common_ros2/matlab_msg_gen/glnxa64/install:/usr/local/MATLAB/R2024a/sys/ros2/glnxa64/ros2:/usr/local/MATLAB/R2024a/sys/ros2/glnxa64/ros2'), ('VSCODE_PID', '35874')]), 'shell': False}
[82.602247] (sonia_common_ros2) StdoutLine: {'line': b'-- Install configuration: "Release"\n'}
[82.602592] (sonia_common_ros2) StdoutLine: {'line': b'-- Installing: /home/nimai/ros2_sonia_ws/src/sonia_common_ros2/matlab_msg_gen/glnxa64/install/share/ament_index/resource_index/rosidl_interfaces/sonia_common_ros2\n'}
[82.603340] (sonia_common_ros2) StdoutLine: {'line': b'-- Up-to-date: /home/nimai/ros2_sonia_ws/src/sonia_common_ros2/matlab_msg_gen/glnxa64/install/include/sonia_common_ros2/sonia_common_ros2\n'}
[82.603625] (sonia_common_ros2) StdoutLine: {'line': b'-- Up-to-date: /home/nimai/ros2_sonia_ws/src/sonia_common_ros2/matlab_msg_gen/glnxa64/install/include/sonia_common_ros2/sonia_common_ros2/msg\n'}
[82.603881] (sonia_common_ros2) StdoutLine: {'line': b'-- Installing: /home/nimai/ros2_sonia_ws/src/sonia_common_ros2/matlab_msg_gen/glnxa64/install/include/sonia_common_ros2/sonia_common_ros2/msg/serial_message.h\n'}
[82.604153] (sonia_common_ros2) StdoutLine: {'line': b'-- Up-to-date: /home/nimai/ros2_sonia_ws/src/sonia_common_ros2/matlab_msg_gen/glnxa64/install/include/sonia_common_ros2/sonia_common_ros2/msg/rosidl_generator_c__visibility_control.h\n'}
[82.604395] (sonia_common_ros2) StdoutLine: {'line': b'-- Up-to-date: /home/nimai/ros2_sonia_ws/src/sonia_common_ros2/matlab_msg_gen/glnxa64/install/include/sonia_common_ros2/sonia_common_ros2/msg/detail\n'}
[82.604594] (sonia_common_ros2) StdoutLine: {'line': b'-- Installing: /home/nimai/ros2_sonia_ws/src/sonia_common_ros2/matlab_msg_gen/glnxa64/install/include/sonia_common_ros2/sonia_common_ros2/msg/detail/kill_status__functions.h\n'}
[82.604811] (sonia_common_ros2) StdoutLine: {'line': b'-- Installing: /home/nimai/ros2_sonia_ws/src/sonia_common_ros2/matlab_msg_gen/glnxa64/install/include/sonia_common_ros2/sonia_common_ros2/msg/detail/serial_message__struct.h\n'}
[82.605020] (sonia_common_ros2) StdoutLine: {'line': b'-- Installing: /home/nimai/ros2_sonia_ws/src/sonia_common_ros2/matlab_msg_gen/glnxa64/install/include/sonia_common_ros2/sonia_common_ros2/msg/detail/obstacle_info__type_support.h\n'}
[82.605230] (sonia_common_ros2) StdoutLine: {'line': b'-- Installing: /home/nimai/ros2_sonia_ws/src/sonia_common_ros2/matlab_msg_gen/glnxa64/install/include/sonia_common_ros2/sonia_common_ros2/msg/detail/mission_status__type_support.h\n'}
[82.605541] (sonia_common_ros2) StdoutLine: {'line': b'-- Installing: /home/nimai/ros2_sonia_ws/src/sonia_common_ros2/matlab_msg_gen/glnxa64/install/include/sonia_common_ros2/sonia_common_ros2/msg/detail/obstacle_array__functions.h\n'}
[82.605835] (sonia_common_ros2) StdoutLine: {'line': b'-- Installing: /home/nimai/ros2_sonia_ws/src/sonia_common_ros2/matlab_msg_gen/glnxa64/install/include/sonia_common_ros2/sonia_common_ros2/msg/detail/obstacle_array__struct.h\n'}
[82.606052] (sonia_common_ros2) StdoutLine: {'line': b'-- Installing: /home/nimai/ros2_sonia_ws/src/sonia_common_ros2/matlab_msg_gen/glnxa64/install/include/sonia_common_ros2/sonia_common_ros2/msg/detail/mission_status__struct.h\n'}
[82.606307] (sonia_common_ros2) StdoutLine: {'line': b'-- Installing: /home/nimai/ros2_sonia_ws/src/sonia_common_ros2/matlab_msg_gen/glnxa64/install/include/sonia_common_ros2/sonia_common_ros2/msg/detail/serial_message__type_support.h\n'}
[82.606575] (sonia_common_ros2) StdoutLine: {'line': b'-- Installing: /home/nimai/ros2_sonia_ws/src/sonia_common_ros2/matlab_msg_gen/glnxa64/install/include/sonia_common_ros2/sonia_common_ros2/msg/detail/pose__type_support.h\n'}
[82.606804] (sonia_common_ros2) StdoutLine: {'line': b'-- Installing: /home/nimai/ros2_sonia_ws/src/sonia_common_ros2/matlab_msg_gen/glnxa64/install/include/sonia_common_ros2/sonia_common_ros2/msg/detail/pose_array__functions.c\n'}
[82.607041] (sonia_common_ros2) StdoutLine: {'line': b'-- Installing: /home/nimai/ros2_sonia_ws/src/sonia_common_ros2/matlab_msg_gen/glnxa64/install/include/sonia_common_ros2/sonia_common_ros2/msg/detail/pose_array__functions.h\n'}
[82.607321] (sonia_common_ros2) StdoutLine: {'line': b'-- Installing: /home/nimai/ros2_sonia_ws/src/sonia_common_ros2/matlab_msg_gen/glnxa64/install/include/sonia_common_ros2/sonia_common_ros2/msg/detail/kill_status__type_support.h\n'}
[82.607586] (sonia_common_ros2) StdoutLine: {'line': b'-- Installing: /home/nimai/ros2_sonia_ws/src/sonia_common_ros2/matlab_msg_gen/glnxa64/install/include/sonia_common_ros2/sonia_common_ros2/msg/detail/obstacle_info__functions.h\n'}
[82.607862] (sonia_common_ros2) StdoutLine: {'line': b'-- Installing: /home/nimai/ros2_sonia_ws/src/sonia_common_ros2/matlab_msg_gen/glnxa64/install/include/sonia_common_ros2/sonia_common_ros2/msg/detail/obstacle_array__functions.c\n'}
[82.608087] (sonia_common_ros2) StdoutLine: {'line': b'-- Installing: /home/nimai/ros2_sonia_ws/src/sonia_common_ros2/matlab_msg_gen/glnxa64/install/include/sonia_common_ros2/sonia_common_ros2/msg/detail/serial_message__functions.h\n'}
[82.608359] (sonia_common_ros2) StdoutLine: {'line': b'-- Installing: /home/nimai/ros2_sonia_ws/src/sonia_common_ros2/matlab_msg_gen/glnxa64/install/include/sonia_common_ros2/sonia_common_ros2/msg/detail/kill_status__struct.h\n'}
[82.608666] (sonia_common_ros2) StdoutLine: {'line': b'-- Installing: /home/nimai/ros2_sonia_ws/src/sonia_common_ros2/matlab_msg_gen/glnxa64/install/include/sonia_common_ros2/sonia_common_ros2/msg/detail/mission_status__functions.c\n'}
[82.608925] (sonia_common_ros2) StdoutLine: {'line': b'-- Installing: /home/nimai/ros2_sonia_ws/src/sonia_common_ros2/matlab_msg_gen/glnxa64/install/include/sonia_common_ros2/sonia_common_ros2/msg/detail/pose_array__struct.h\n'}
[82.609173] (sonia_common_ros2) StdoutLine: {'line': b'-- Installing: /home/nimai/ros2_sonia_ws/src/sonia_common_ros2/matlab_msg_gen/glnxa64/install/include/sonia_common_ros2/sonia_common_ros2/msg/detail/obstacle_info__functions.c\n'}
[82.609450] (sonia_common_ros2) StdoutLine: {'line': b'-- Installing: /home/nimai/ros2_sonia_ws/src/sonia_common_ros2/matlab_msg_gen/glnxa64/install/include/sonia_common_ros2/sonia_common_ros2/msg/detail/obstacle_info__struct.h\n'}
[82.609746] (sonia_common_ros2) StdoutLine: {'line': b'-- Installing: /home/nimai/ros2_sonia_ws/src/sonia_common_ros2/matlab_msg_gen/glnxa64/install/include/sonia_common_ros2/sonia_common_ros2/msg/detail/serial_message__functions.c\n'}
[82.610007] (sonia_common_ros2) StdoutLine: {'line': b'-- Installing: /home/nimai/ros2_sonia_ws/src/sonia_common_ros2/matlab_msg_gen/glnxa64/install/include/sonia_common_ros2/sonia_common_ros2/msg/detail/pose_array__type_support.h\n'}
[82.610259] (sonia_common_ros2) StdoutLine: {'line': b'-- Installing: /home/nimai/ros2_sonia_ws/src/sonia_common_ros2/matlab_msg_gen/glnxa64/install/include/sonia_common_ros2/sonia_common_ros2/msg/detail/mission_status__functions.h\n'}
[82.610529] (sonia_common_ros2) StdoutLine: {'line': b'-- Installing: /home/nimai/ros2_sonia_ws/src/sonia_common_ros2/matlab_msg_gen/glnxa64/install/include/sonia_common_ros2/sonia_common_ros2/msg/detail/obstacle_array__type_support.h\n'}
[82.610761] (sonia_common_ros2) StdoutLine: {'line': b'-- Installing: /home/nimai/ros2_sonia_ws/src/sonia_common_ros2/matlab_msg_gen/glnxa64/install/include/sonia_common_ros2/sonia_common_ros2/msg/detail/pose__functions.c\n'}
[82.611051] (sonia_common_ros2) StdoutLine: {'line': b'-- Installing: /home/nimai/ros2_sonia_ws/src/sonia_common_ros2/matlab_msg_gen/glnxa64/install/include/sonia_common_ros2/sonia_common_ros2/msg/detail/kill_status__functions.c\n'}
[82.611308] (sonia_common_ros2) StdoutLine: {'line': b'-- Installing: /home/nimai/ros2_sonia_ws/src/sonia_common_ros2/matlab_msg_gen/glnxa64/install/include/sonia_common_ros2/sonia_common_ros2/msg/detail/pose__functions.h\n'}
[82.611588] (sonia_common_ros2) StdoutLine: {'line': b'-- Installing: /home/nimai/ros2_sonia_ws/src/sonia_common_ros2/matlab_msg_gen/glnxa64/install/include/sonia_common_ros2/sonia_common_ros2/msg/detail/pose__struct.h\n'}
[82.611842] (sonia_common_ros2) StdoutLine: {'line': b'-- Installing: /home/nimai/ros2_sonia_ws/src/sonia_common_ros2/matlab_msg_gen/glnxa64/install/include/sonia_common_ros2/sonia_common_ros2/msg/obstacle_array.h\n'}
[82.612072] (sonia_common_ros2) StdoutLine: {'line': b'-- Installing: /home/nimai/ros2_sonia_ws/src/sonia_common_ros2/matlab_msg_gen/glnxa64/install/include/sonia_common_ros2/sonia_common_ros2/msg/pose_array.h\n'}
[82.612302] (sonia_common_ros2) StdoutLine: {'line': b'-- Installing: /home/nimai/ros2_sonia_ws/src/sonia_common_ros2/matlab_msg_gen/glnxa64/install/include/sonia_common_ros2/sonia_common_ros2/msg/obstacle_info.h\n'}
[82.612535] (sonia_common_ros2) StdoutLine: {'line': b'-- Installing: /home/nimai/ros2_sonia_ws/src/sonia_common_ros2/matlab_msg_gen/glnxa64/install/include/sonia_common_ros2/sonia_common_ros2/msg/kill_status.h\n'}
[82.612812] (sonia_common_ros2) StdoutLine: {'line': b'-- Installing: /home/nimai/ros2_sonia_ws/src/sonia_common_ros2/matlab_msg_gen/glnxa64/install/include/sonia_common_ros2/sonia_common_ros2/msg/mission_status.h\n'}
[82.613063] (sonia_common_ros2) StdoutLine: {'line': b'-- Installing: /home/nimai/ros2_sonia_ws/src/sonia_common_ros2/matlab_msg_gen/glnxa64/install/include/sonia_common_ros2/sonia_common_ros2/msg/pose.h\n'}
[82.613301] (sonia_common_ros2) StdoutLine: {'line': b'-- Up-to-date: /home/nimai/ros2_sonia_ws/src/sonia_common_ros2/matlab_msg_gen/glnxa64/install/include/sonia_common_ros2/sonia_common_ros2/srv\n'}
[82.613527] (sonia_common_ros2) StdoutLine: {'line': b'-- Up-to-date: /home/nimai/ros2_sonia_ws/src/sonia_common_ros2/matlab_msg_gen/glnxa64/install/include/sonia_common_ros2/sonia_common_ros2/srv/detail\n'}
[82.613698] (sonia_common_ros2) StdoutLine: {'line': b'-- Installing: /home/nimai/ros2_sonia_ws/src/sonia_common_ros2/matlab_msg_gen/glnxa64/install/include/sonia_common_ros2/sonia_common_ros2/srv/detail/serial_service__type_support.h\n'}
[82.614071] (sonia_common_ros2) StdoutLine: {'line': b'-- Installing: /home/nimai/ros2_sonia_ws/src/sonia_common_ros2/matlab_msg_gen/glnxa64/install/include/sonia_common_ros2/sonia_common_ros2/srv/detail/serial_service__functions.c\n'}
[82.614457] (sonia_common_ros2) StdoutLine: {'line': b'-- Installing: /home/nimai/ros2_sonia_ws/src/sonia_common_ros2/matlab_msg_gen/glnxa64/install/include/sonia_common_ros2/sonia_common_ros2/srv/detail/dropper_service__struct.h\n'}
[82.614755] (sonia_common_ros2) StdoutLine: {'line': b'-- Installing: /home/nimai/ros2_sonia_ws/src/sonia_common_ros2/matlab_msg_gen/glnxa64/install/include/sonia_common_ros2/sonia_common_ros2/srv/detail/serial_service__struct.h\n'}
[82.615009] (sonia_common_ros2) StdoutLine: {'line': b'-- Installing: /home/nimai/ros2_sonia_ws/src/sonia_common_ros2/matlab_msg_gen/glnxa64/install/include/sonia_common_ros2/sonia_common_ros2/srv/detail/dropper_service__type_support.h\n'}
[82.615280] (sonia_common_ros2) StdoutLine: {'line': b'-- Installing: /home/nimai/ros2_sonia_ws/src/sonia_common_ros2/matlab_msg_gen/glnxa64/install/include/sonia_common_ros2/sonia_common_ros2/srv/detail/dropper_service__functions.c\n'}
[82.615712] (sonia_common_ros2) StdoutLine: {'line': b'-- Installing: /home/nimai/ros2_sonia_ws/src/sonia_common_ros2/matlab_msg_gen/glnxa64/install/include/sonia_common_ros2/sonia_common_ros2/srv/detail/serial_service__functions.h\n'}
[82.616003] (sonia_common_ros2) StdoutLine: {'line': b'-- Installing: /home/nimai/ros2_sonia_ws/src/sonia_common_ros2/matlab_msg_gen/glnxa64/install/include/sonia_common_ros2/sonia_common_ros2/srv/detail/dropper_service__functions.h\n'}
[82.616289] (sonia_common_ros2) StdoutLine: {'line': b'-- Installing: /home/nimai/ros2_sonia_ws/src/sonia_common_ros2/matlab_msg_gen/glnxa64/install/include/sonia_common_ros2/sonia_common_ros2/srv/dropper_service.h\n'}
[82.616615] (sonia_common_ros2) StdoutLine: {'line': b'-- Installing: /home/nimai/ros2_sonia_ws/src/sonia_common_ros2/matlab_msg_gen/glnxa64/install/include/sonia_common_ros2/sonia_common_ros2/srv/serial_service.h\n'}
[82.616987] (sonia_common_ros2) StdoutLine: {'line': b'-- Up-to-date: /home/nimai/ros2_sonia_ws/src/sonia_common_ros2/matlab_msg_gen/glnxa64/install/share/sonia_common_ros2/environment/library_path.sh\n'}
[82.617198] (sonia_common_ros2) StdoutLine: {'line': b'-- Installing: /home/nimai/ros2_sonia_ws/src/sonia_common_ros2/matlab_msg_gen/glnxa64/install/share/sonia_common_ros2/environment/library_path.dsv\n'}
[82.617794] (sonia_common_ros2) StdoutLine: {'line': b'-- Installing: /home/nimai/ros2_sonia_ws/src/sonia_common_ros2/matlab_msg_gen/glnxa64/install/lib/libsonia_common_ros2__rosidl_generator_c.so\n'}
[82.618335] (sonia_common_ros2) StdoutLine: {'line': b'-- Up-to-date: /home/nimai/ros2_sonia_ws/src/sonia_common_ros2/matlab_msg_gen/glnxa64/install/include/sonia_common_ros2/sonia_common_ros2\n'}
[82.618559] (sonia_common_ros2) StdoutLine: {'line': b'-- Up-to-date: /home/nimai/ros2_sonia_ws/src/sonia_common_ros2/matlab_msg_gen/glnxa64/install/include/sonia_common_ros2/sonia_common_ros2/msg\n'}
[82.618784] (sonia_common_ros2) StdoutLine: {'line': b'-- Up-to-date: /home/nimai/ros2_sonia_ws/src/sonia_common_ros2/matlab_msg_gen/glnxa64/install/include/sonia_common_ros2/sonia_common_ros2/msg/detail\n'}
[82.619013] (sonia_common_ros2) StdoutLine: {'line': b'-- Installing: /home/nimai/ros2_sonia_ws/src/sonia_common_ros2/matlab_msg_gen/glnxa64/install/include/sonia_common_ros2/sonia_common_ros2/msg/detail/serial_message__rosidl_typesupport_fastrtps_c.h\n'}
[82.619383] (sonia_common_ros2) StdoutLine: {'line': b'-- Installing: /home/nimai/ros2_sonia_ws/src/sonia_common_ros2/matlab_msg_gen/glnxa64/install/include/sonia_common_ros2/sonia_common_ros2/msg/detail/obstacle_info__rosidl_typesupport_fastrtps_c.h\n'}
[82.619548] (sonia_common_ros2) StdoutLine: {'line': b'-- Installing: /home/nimai/ros2_sonia_ws/src/sonia_common_ros2/matlab_msg_gen/glnxa64/install/include/sonia_common_ros2/sonia_common_ros2/msg/detail/pose__rosidl_typesupport_fastrtps_c.h\n'}
[82.619886] (sonia_common_ros2) StdoutLine: {'line': b'-- Installing: /home/nimai/ros2_sonia_ws/src/sonia_common_ros2/matlab_msg_gen/glnxa64/install/include/sonia_common_ros2/sonia_common_ros2/msg/detail/mission_status__rosidl_typesupport_fastrtps_c.h\n'}
[82.620209] (sonia_common_ros2) StdoutLine: {'line': b'-- Installing: /home/nimai/ros2_sonia_ws/src/sonia_common_ros2/matlab_msg_gen/glnxa64/install/include/sonia_common_ros2/sonia_common_ros2/msg/detail/pose_array__rosidl_typesupport_fastrtps_c.h\n'}
[82.620609] (sonia_common_ros2) StdoutLine: {'line': b'-- Installing: /home/nimai/ros2_sonia_ws/src/sonia_common_ros2/matlab_msg_gen/glnxa64/install/include/sonia_common_ros2/sonia_common_ros2/msg/detail/kill_status__rosidl_typesupport_fastrtps_c.h\n'}
[82.620900] (sonia_common_ros2) StdoutLine: {'line': b'-- Installing: /home/nimai/ros2_sonia_ws/src/sonia_common_ros2/matlab_msg_gen/glnxa64/install/include/sonia_common_ros2/sonia_common_ros2/msg/detail/obstacle_array__rosidl_typesupport_fastrtps_c.h\n'}
[82.621118] (sonia_common_ros2) StdoutLine: {'line': b'-- Up-to-date: /home/nimai/ros2_sonia_ws/src/sonia_common_ros2/matlab_msg_gen/glnxa64/install/include/sonia_common_ros2/sonia_common_ros2/msg/rosidl_typesupport_fastrtps_c__visibility_control.h\n'}
[82.621349] (sonia_common_ros2) StdoutLine: {'line': b'-- Up-to-date: /home/nimai/ros2_sonia_ws/src/sonia_common_ros2/matlab_msg_gen/glnxa64/install/include/sonia_common_ros2/sonia_common_ros2/srv\n'}
[82.621508] (sonia_common_ros2) StdoutLine: {'line': b'-- Up-to-date: /home/nimai/ros2_sonia_ws/src/sonia_common_ros2/matlab_msg_gen/glnxa64/install/include/sonia_common_ros2/sonia_common_ros2/srv/detail\n'}
[82.621674] (sonia_common_ros2) StdoutLine: {'line': b'-- Installing: /home/nimai/ros2_sonia_ws/src/sonia_common_ros2/matlab_msg_gen/glnxa64/install/include/sonia_common_ros2/sonia_common_ros2/srv/detail/serial_service__rosidl_typesupport_fastrtps_c.h\n'}
[82.621932] (sonia_common_ros2) StdoutLine: {'line': b'-- Installing: /home/nimai/ros2_sonia_ws/src/sonia_common_ros2/matlab_msg_gen/glnxa64/install/include/sonia_common_ros2/sonia_common_ros2/srv/detail/dropper_service__rosidl_typesupport_fastrtps_c.h\n'}
[82.622334] (sonia_common_ros2) StdoutLine: {'line': b'-- Installing: /home/nimai/ros2_sonia_ws/src/sonia_common_ros2/matlab_msg_gen/glnxa64/install/lib/libsonia_common_ros2__rosidl_typesupport_fastrtps_c.so\n'}
[82.622719] (sonia_common_ros2) StdoutLine: {'line': b'-- Up-to-date: /home/nimai/ros2_sonia_ws/src/sonia_common_ros2/matlab_msg_gen/glnxa64/install/include/sonia_common_ros2/sonia_common_ros2\n'}
[82.622984] (sonia_common_ros2) StdoutLine: {'line': b'-- Up-to-date: /home/nimai/ros2_sonia_ws/src/sonia_common_ros2/matlab_msg_gen/glnxa64/install/include/sonia_common_ros2/sonia_common_ros2/msg\n'}
[82.623141] (sonia_common_ros2) StdoutLine: {'line': b'-- Up-to-date: /home/nimai/ros2_sonia_ws/src/sonia_common_ros2/matlab_msg_gen/glnxa64/install/include/sonia_common_ros2/sonia_common_ros2/msg/detail\n'}
[82.623347] (sonia_common_ros2) StdoutLine: {'line': b'-- Installing: /home/nimai/ros2_sonia_ws/src/sonia_common_ros2/matlab_msg_gen/glnxa64/install/include/sonia_common_ros2/sonia_common_ros2/msg/detail/pose__rosidl_typesupport_introspection_c.h\n'}
[82.623705] (sonia_common_ros2) StdoutLine: {'line': b'-- Installing: /home/nimai/ros2_sonia_ws/src/sonia_common_ros2/matlab_msg_gen/glnxa64/install/include/sonia_common_ros2/sonia_common_ros2/msg/detail/obstacle_array__rosidl_typesupport_introspection_c.h\n'}
[82.623879] (sonia_common_ros2) StdoutLine: {'line': b'-- Installing: /home/nimai/ros2_sonia_ws/src/sonia_common_ros2/matlab_msg_gen/glnxa64/install/include/sonia_common_ros2/sonia_common_ros2/msg/detail/pose_array__type_support.c\n'}
[82.624256] (sonia_common_ros2) StdoutLine: {'line': b'-- Installing: /home/nimai/ros2_sonia_ws/src/sonia_common_ros2/matlab_msg_gen/glnxa64/install/include/sonia_common_ros2/sonia_common_ros2/msg/detail/pose__type_support.c\n'}
[82.624716] (sonia_common_ros2) StdoutLine: {'line': b'-- Installing: /home/nimai/ros2_sonia_ws/src/sonia_common_ros2/matlab_msg_gen/glnxa64/install/include/sonia_common_ros2/sonia_common_ros2/msg/detail/obstacle_array__type_support.c\n'}
[82.624981] (sonia_common_ros2) StdoutLine: {'line': b'-- Installing: /home/nimai/ros2_sonia_ws/src/sonia_common_ros2/matlab_msg_gen/glnxa64/install/include/sonia_common_ros2/sonia_common_ros2/msg/detail/serial_message__rosidl_typesupport_introspection_c.h\n'}
[82.625453] (sonia_common_ros2) StdoutLine: {'line': b'-- Installing: /home/nimai/ros2_sonia_ws/src/sonia_common_ros2/matlab_msg_gen/glnxa64/install/include/sonia_common_ros2/sonia_common_ros2/msg/detail/obstacle_info__rosidl_typesupport_introspection_c.h\n'}
[82.625672] (sonia_common_ros2) StdoutLine: {'line': b'-- Installing: /home/nimai/ros2_sonia_ws/src/sonia_common_ros2/matlab_msg_gen/glnxa64/install/include/sonia_common_ros2/sonia_common_ros2/msg/detail/obstacle_info__type_support.c\n'}
[82.625908] (sonia_common_ros2) StdoutLine: {'line': b'-- Installing: /home/nimai/ros2_sonia_ws/src/sonia_common_ros2/matlab_msg_gen/glnxa64/install/include/sonia_common_ros2/sonia_common_ros2/msg/detail/kill_status__type_support.c\n'}
[82.626263] (sonia_common_ros2) StdoutLine: {'line': b'-- Installing: /home/nimai/ros2_sonia_ws/src/sonia_common_ros2/matlab_msg_gen/glnxa64/install/include/sonia_common_ros2/sonia_common_ros2/msg/detail/pose_array__rosidl_typesupport_introspection_c.h\n'}
[82.626600] (sonia_common_ros2) StdoutLine: {'line': b'-- Installing: /home/nimai/ros2_sonia_ws/src/sonia_common_ros2/matlab_msg_gen/glnxa64/install/include/sonia_common_ros2/sonia_common_ros2/msg/detail/mission_status__rosidl_typesupport_introspection_c.h\n'}
[82.626899] (sonia_common_ros2) StdoutLine: {'line': b'-- Installing: /home/nimai/ros2_sonia_ws/src/sonia_common_ros2/matlab_msg_gen/glnxa64/install/include/sonia_common_ros2/sonia_common_ros2/msg/detail/mission_status__type_support.c\n'}
[82.627230] (sonia_common_ros2) StdoutLine: {'line': b'-- Installing: /home/nimai/ros2_sonia_ws/src/sonia_common_ros2/matlab_msg_gen/glnxa64/install/include/sonia_common_ros2/sonia_common_ros2/msg/detail/kill_status__rosidl_typesupport_introspection_c.h\n'}
[82.627553] (sonia_common_ros2) StdoutLine: {'line': b'-- Installing: /home/nimai/ros2_sonia_ws/src/sonia_common_ros2/matlab_msg_gen/glnxa64/install/include/sonia_common_ros2/sonia_common_ros2/msg/detail/serial_message__type_support.c\n'}
[82.627890] (sonia_common_ros2) StdoutLine: {'line': b'-- Up-to-date: /home/nimai/ros2_sonia_ws/src/sonia_common_ros2/matlab_msg_gen/glnxa64/install/include/sonia_common_ros2/sonia_common_ros2/msg/rosidl_typesupport_introspection_c__visibility_control.h\n'}
[82.628075] (sonia_common_ros2) StdoutLine: {'line': b'-- Up-to-date: /home/nimai/ros2_sonia_ws/src/sonia_common_ros2/matlab_msg_gen/glnxa64/install/include/sonia_common_ros2/sonia_common_ros2/srv\n'}
[82.628238] (sonia_common_ros2) StdoutLine: {'line': b'-- Up-to-date: /home/nimai/ros2_sonia_ws/src/sonia_common_ros2/matlab_msg_gen/glnxa64/install/include/sonia_common_ros2/sonia_common_ros2/srv/detail\n'}
[82.628412] (sonia_common_ros2) StdoutLine: {'line': b'-- Installing: /home/nimai/ros2_sonia_ws/src/sonia_common_ros2/matlab_msg_gen/glnxa64/install/include/sonia_common_ros2/sonia_common_ros2/srv/detail/serial_service__type_support.c\n'}
[82.628790] (sonia_common_ros2) StdoutLine: {'line': b'-- Installing: /home/nimai/ros2_sonia_ws/src/sonia_common_ros2/matlab_msg_gen/glnxa64/install/include/sonia_common_ros2/sonia_common_ros2/srv/detail/dropper_service__rosidl_typesupport_introspection_c.h\n'}
[82.629099] (sonia_common_ros2) StdoutLine: {'line': b'-- Installing: /home/nimai/ros2_sonia_ws/src/sonia_common_ros2/matlab_msg_gen/glnxa64/install/include/sonia_common_ros2/sonia_common_ros2/srv/detail/dropper_service__type_support.c\n'}
[82.629441] (sonia_common_ros2) StdoutLine: {'line': b'-- Installing: /home/nimai/ros2_sonia_ws/src/sonia_common_ros2/matlab_msg_gen/glnxa64/install/include/sonia_common_ros2/sonia_common_ros2/srv/detail/serial_service__rosidl_typesupport_introspection_c.h\n'}
[82.629804] (sonia_common_ros2) StdoutLine: {'line': b'-- Installing: /home/nimai/ros2_sonia_ws/src/sonia_common_ros2/matlab_msg_gen/glnxa64/install/lib/libsonia_common_ros2__rosidl_typesupport_introspection_c.so\n'}
[82.630187] (sonia_common_ros2) StdoutLine: {'line': b'-- Installing: /home/nimai/ros2_sonia_ws/src/sonia_common_ros2/matlab_msg_gen/glnxa64/install/lib/libsonia_common_ros2__rosidl_typesupport_c.so\n'}
[82.630484] (sonia_common_ros2) StdoutLine: {'line': b'-- Up-to-date: /home/nimai/ros2_sonia_ws/src/sonia_common_ros2/matlab_msg_gen/glnxa64/install/include/sonia_common_ros2/sonia_common_ros2\n'}
[82.630690] (sonia_common_ros2) StdoutLine: {'line': b'-- Up-to-date: /home/nimai/ros2_sonia_ws/src/sonia_common_ros2/matlab_msg_gen/glnxa64/install/include/sonia_common_ros2/sonia_common_ros2/msg\n'}
[82.630891] (sonia_common_ros2) StdoutLine: {'line': b'-- Installing: /home/nimai/ros2_sonia_ws/src/sonia_common_ros2/matlab_msg_gen/glnxa64/install/include/sonia_common_ros2/sonia_common_ros2/msg/obstacle_info.hpp\n'}
[82.631027] (sonia_common_ros2) StdoutLine: {'line': b'-- Up-to-date: /home/nimai/ros2_sonia_ws/src/sonia_common_ros2/matlab_msg_gen/glnxa64/install/include/sonia_common_ros2/sonia_common_ros2/msg/detail\n'}
[82.631195] (sonia_common_ros2) StdoutLine: {'line': b'-- Installing: /home/nimai/ros2_sonia_ws/src/sonia_common_ros2/matlab_msg_gen/glnxa64/install/include/sonia_common_ros2/sonia_common_ros2/msg/detail/serial_message__traits.hpp\n'}
[82.631361] (sonia_common_ros2) StdoutLine: {'line': b'-- Installing: /home/nimai/ros2_sonia_ws/src/sonia_common_ros2/matlab_msg_gen/glnxa64/install/include/sonia_common_ros2/sonia_common_ros2/msg/detail/obstacle_info__traits.hpp\n'}
[82.631538] (sonia_common_ros2) StdoutLine: {'line': b'-- Installing: /home/nimai/ros2_sonia_ws/src/sonia_common_ros2/matlab_msg_gen/glnxa64/install/include/sonia_common_ros2/sonia_common_ros2/msg/detail/serial_message__builder.hpp\n'}
[82.631707] (sonia_common_ros2) StdoutLine: {'line': b'-- Installing: /home/nimai/ros2_sonia_ws/src/sonia_common_ros2/matlab_msg_gen/glnxa64/install/include/sonia_common_ros2/sonia_common_ros2/msg/detail/pose_array__traits.hpp\n'}
[82.631876] (sonia_common_ros2) StdoutLine: {'line': b'-- Installing: /home/nimai/ros2_sonia_ws/src/sonia_common_ros2/matlab_msg_gen/glnxa64/install/include/sonia_common_ros2/sonia_common_ros2/msg/detail/obstacle_array__builder.hpp\n'}
[82.632045] (sonia_common_ros2) StdoutLine: {'line': b'-- Installing: /home/nimai/ros2_sonia_ws/src/sonia_common_ros2/matlab_msg_gen/glnxa64/install/include/sonia_common_ros2/sonia_common_ros2/msg/detail/pose__traits.hpp\n'}
[82.632214] (sonia_common_ros2) StdoutLine: {'line': b'-- Installing: /home/nimai/ros2_sonia_ws/src/sonia_common_ros2/matlab_msg_gen/glnxa64/install/include/sonia_common_ros2/sonia_common_ros2/msg/detail/kill_status__builder.hpp\n'}
[82.632374] (sonia_common_ros2) StdoutLine: {'line': b'-- Installing: /home/nimai/ros2_sonia_ws/src/sonia_common_ros2/matlab_msg_gen/glnxa64/install/include/sonia_common_ros2/sonia_common_ros2/msg/detail/pose_array__builder.hpp\n'}
[82.632466] (sonia_common_ros2) StdoutLine: {'line': b'-- Installing: /home/nimai/ros2_sonia_ws/src/sonia_common_ros2/matlab_msg_gen/glnxa64/install/include/sonia_common_ros2/sonia_common_ros2/msg/detail/mission_status__traits.hpp\n'}
[82.632625] (sonia_common_ros2) StdoutLine: {'line': b'-- Installing: /home/nimai/ros2_sonia_ws/src/sonia_common_ros2/matlab_msg_gen/glnxa64/install/include/sonia_common_ros2/sonia_common_ros2/msg/detail/pose__struct.hpp\n'}
[82.632798] (sonia_common_ros2) StdoutLine: {'line': b'-- Installing: /home/nimai/ros2_sonia_ws/src/sonia_common_ros2/matlab_msg_gen/glnxa64/install/include/sonia_common_ros2/sonia_common_ros2/msg/detail/mission_status__struct.hpp\n'}
[82.632966] (sonia_common_ros2) StdoutLine: {'line': b'-- Installing: /home/nimai/ros2_sonia_ws/src/sonia_common_ros2/matlab_msg_gen/glnxa64/install/include/sonia_common_ros2/sonia_common_ros2/msg/detail/pose_array__struct.hpp\n'}
[82.633128] (sonia_common_ros2) StdoutLine: {'line': b'-- Installing: /home/nimai/ros2_sonia_ws/src/sonia_common_ros2/matlab_msg_gen/glnxa64/install/include/sonia_common_ros2/sonia_common_ros2/msg/detail/kill_status__struct.hpp\n'}
[82.633310] (sonia_common_ros2) StdoutLine: {'line': b'-- Installing: /home/nimai/ros2_sonia_ws/src/sonia_common_ros2/matlab_msg_gen/glnxa64/install/include/sonia_common_ros2/sonia_common_ros2/msg/detail/kill_status__traits.hpp\n'}
[82.633504] (sonia_common_ros2) StdoutLine: {'line': b'-- Installing: /home/nimai/ros2_sonia_ws/src/sonia_common_ros2/matlab_msg_gen/glnxa64/install/include/sonia_common_ros2/sonia_common_ros2/msg/detail/obstacle_array__struct.hpp\n'}
[82.633699] (sonia_common_ros2) StdoutLine: {'line': b'-- Installing: /home/nimai/ros2_sonia_ws/src/sonia_common_ros2/matlab_msg_gen/glnxa64/install/include/sonia_common_ros2/sonia_common_ros2/msg/detail/mission_status__builder.hpp\n'}
[82.633922] (sonia_common_ros2) StdoutLine: {'line': b'-- Installing: /home/nimai/ros2_sonia_ws/src/sonia_common_ros2/matlab_msg_gen/glnxa64/install/include/sonia_common_ros2/sonia_common_ros2/msg/detail/obstacle_info__builder.hpp\n'}
[82.634095] (sonia_common_ros2) StdoutLine: {'line': b'-- Installing: /home/nimai/ros2_sonia_ws/src/sonia_common_ros2/matlab_msg_gen/glnxa64/install/include/sonia_common_ros2/sonia_common_ros2/msg/detail/obstacle_info__struct.hpp\n'}
[82.634264] (sonia_common_ros2) StdoutLine: {'line': b'-- Installing: /home/nimai/ros2_sonia_ws/src/sonia_common_ros2/matlab_msg_gen/glnxa64/install/include/sonia_common_ros2/sonia_common_ros2/msg/detail/obstacle_array__traits.hpp\n'}
[82.634434] (sonia_common_ros2) StdoutLine: {'line': b'-- Installing: /home/nimai/ros2_sonia_ws/src/sonia_common_ros2/matlab_msg_gen/glnxa64/install/include/sonia_common_ros2/sonia_common_ros2/msg/detail/pose__builder.hpp\n'}
[82.634605] (sonia_common_ros2) StdoutLine: {'line': b'-- Installing: /home/nimai/ros2_sonia_ws/src/sonia_common_ros2/matlab_msg_gen/glnxa64/install/include/sonia_common_ros2/sonia_common_ros2/msg/detail/serial_message__struct.hpp\n'}
[82.634776] (sonia_common_ros2) StdoutLine: {'line': b'-- Installing: /home/nimai/ros2_sonia_ws/src/sonia_common_ros2/matlab_msg_gen/glnxa64/install/include/sonia_common_ros2/sonia_common_ros2/msg/mission_status.hpp\n'}
[82.635094] (sonia_common_ros2) StdoutLine: {'line': b'-- Installing: /home/nimai/ros2_sonia_ws/src/sonia_common_ros2/matlab_msg_gen/glnxa64/install/include/sonia_common_ros2/sonia_common_ros2/msg/pose_array.hpp\n'}
[82.635405] (sonia_common_ros2) StdoutLine: {'line': b'-- Installing: /home/nimai/ros2_sonia_ws/src/sonia_common_ros2/matlab_msg_gen/glnxa64/install/include/sonia_common_ros2/sonia_common_ros2/msg/obstacle_array.hpp\n'}
[82.635563] (sonia_common_ros2) StdoutLine: {'line': b'-- Installing: /home/nimai/ros2_sonia_ws/src/sonia_common_ros2/matlab_msg_gen/glnxa64/install/include/sonia_common_ros2/sonia_common_ros2/msg/kill_status.hpp\n'}
[82.635859] (sonia_common_ros2) StdoutLine: {'line': b'-- Installing: /home/nimai/ros2_sonia_ws/src/sonia_common_ros2/matlab_msg_gen/glnxa64/install/include/sonia_common_ros2/sonia_common_ros2/msg/pose.hpp\n'}
[82.636161] (sonia_common_ros2) StdoutLine: {'line': b'-- Installing: /home/nimai/ros2_sonia_ws/src/sonia_common_ros2/matlab_msg_gen/glnxa64/install/include/sonia_common_ros2/sonia_common_ros2/msg/serial_message.hpp\n'}
[82.636488] (sonia_common_ros2) StdoutLine: {'line': b'-- Up-to-date: /home/nimai/ros2_sonia_ws/src/sonia_common_ros2/matlab_msg_gen/glnxa64/install/include/sonia_common_ros2/sonia_common_ros2/srv\n'}
[82.636693] (sonia_common_ros2) StdoutLine: {'line': b'-- Installing: /home/nimai/ros2_sonia_ws/src/sonia_common_ros2/matlab_msg_gen/glnxa64/install/include/sonia_common_ros2/sonia_common_ros2/srv/serial_service.hpp\n'}
[82.636875] (sonia_common_ros2) StdoutLine: {'line': b'-- Up-to-date: /home/nimai/ros2_sonia_ws/src/sonia_common_ros2/matlab_msg_gen/glnxa64/install/include/sonia_common_ros2/sonia_common_ros2/srv/detail\n'}
[82.637050] (sonia_common_ros2) StdoutLine: {'line': b'-- Installing: /home/nimai/ros2_sonia_ws/src/sonia_common_ros2/matlab_msg_gen/glnxa64/install/include/sonia_common_ros2/sonia_common_ros2/srv/detail/serial_service__traits.hpp\n'}
[82.637214] (sonia_common_ros2) StdoutLine: {'line': b'-- Installing: /home/nimai/ros2_sonia_ws/src/sonia_common_ros2/matlab_msg_gen/glnxa64/install/include/sonia_common_ros2/sonia_common_ros2/srv/detail/dropper_service__struct.hpp\n'}
[82.637443] (sonia_common_ros2) StdoutLine: {'line': b'-- Installing: /home/nimai/ros2_sonia_ws/src/sonia_common_ros2/matlab_msg_gen/glnxa64/install/include/sonia_common_ros2/sonia_common_ros2/srv/detail/serial_service__builder.hpp\n'}
[82.637630] (sonia_common_ros2) StdoutLine: {'line': b'-- Installing: /home/nimai/ros2_sonia_ws/src/sonia_common_ros2/matlab_msg_gen/glnxa64/install/include/sonia_common_ros2/sonia_common_ros2/srv/detail/dropper_service__traits.hpp\n'}
[82.637952] (sonia_common_ros2) StdoutLine: {'line': b'-- Installing: /home/nimai/ros2_sonia_ws/src/sonia_common_ros2/matlab_msg_gen/glnxa64/install/include/sonia_common_ros2/sonia_common_ros2/srv/detail/dropper_service__builder.hpp\n'}
[82.638273] (sonia_common_ros2) StdoutLine: {'line': b'-- Installing: /home/nimai/ros2_sonia_ws/src/sonia_common_ros2/matlab_msg_gen/glnxa64/install/include/sonia_common_ros2/sonia_common_ros2/srv/detail/serial_service__struct.hpp\n'}
[82.638474] (sonia_common_ros2) StdoutLine: {'line': b'-- Installing: /home/nimai/ros2_sonia_ws/src/sonia_common_ros2/matlab_msg_gen/glnxa64/install/include/sonia_common_ros2/sonia_common_ros2/srv/dropper_service.hpp\n'}
[82.638785] (sonia_common_ros2) StdoutLine: {'line': b'-- Up-to-date: /home/nimai/ros2_sonia_ws/src/sonia_common_ros2/matlab_msg_gen/glnxa64/install/include/sonia_common_ros2/sonia_common_ros2\n'}
[82.638973] (sonia_common_ros2) StdoutLine: {'line': b'-- Up-to-date: /home/nimai/ros2_sonia_ws/src/sonia_common_ros2/matlab_msg_gen/glnxa64/install/include/sonia_common_ros2/sonia_common_ros2/msg\n'}
[82.639161] (sonia_common_ros2) StdoutLine: {'line': b'-- Up-to-date: /home/nimai/ros2_sonia_ws/src/sonia_common_ros2/matlab_msg_gen/glnxa64/install/include/sonia_common_ros2/sonia_common_ros2/msg/rosidl_typesupport_fastrtps_cpp__visibility_control.h\n'}
[82.639340] (sonia_common_ros2) StdoutLine: {'line': b'-- Up-to-date: /home/nimai/ros2_sonia_ws/src/sonia_common_ros2/matlab_msg_gen/glnxa64/install/include/sonia_common_ros2/sonia_common_ros2/msg/detail\n'}
[82.639511] (sonia_common_ros2) StdoutLine: {'line': b'-- Installing: /home/nimai/ros2_sonia_ws/src/sonia_common_ros2/matlab_msg_gen/glnxa64/install/include/sonia_common_ros2/sonia_common_ros2/msg/detail/obstacle_array__rosidl_typesupport_fastrtps_cpp.hpp\n'}
[82.639675] (sonia_common_ros2) StdoutLine: {'line': b'-- Installing: /home/nimai/ros2_sonia_ws/src/sonia_common_ros2/matlab_msg_gen/glnxa64/install/include/sonia_common_ros2/sonia_common_ros2/msg/detail/obstacle_info__rosidl_typesupport_fastrtps_cpp.hpp\n'}
[82.639857] (sonia_common_ros2) StdoutLine: {'line': b'-- Installing: /home/nimai/ros2_sonia_ws/src/sonia_common_ros2/matlab_msg_gen/glnxa64/install/include/sonia_common_ros2/sonia_common_ros2/msg/detail/pose_array__rosidl_typesupport_fastrtps_cpp.hpp\n'}
[82.640162] (sonia_common_ros2) StdoutLine: {'line': b'-- Installing: /home/nimai/ros2_sonia_ws/src/sonia_common_ros2/matlab_msg_gen/glnxa64/install/include/sonia_common_ros2/sonia_common_ros2/msg/detail/kill_status__rosidl_typesupport_fastrtps_cpp.hpp\n'}
[82.640478] (sonia_common_ros2) StdoutLine: {'line': b'-- Up-to-date: /home/nimai/ros2_sonia_ws/src/sonia_common_ros2/matlab_msg_gen/glnxa64/install/include/sonia_common_ros2/sonia_common_ros2/msg/detail/dds_fastrtps\n'}
[82.640716] (sonia_common_ros2) StdoutLine: {'line': b'-- Installing: /home/nimai/ros2_sonia_ws/src/sonia_common_ros2/matlab_msg_gen/glnxa64/install/include/sonia_common_ros2/sonia_common_ros2/msg/detail/mission_status__rosidl_typesupport_fastrtps_cpp.hpp\n'}
[82.641040] (sonia_common_ros2) StdoutLine: {'line': b'-- Installing: /home/nimai/ros2_sonia_ws/src/sonia_common_ros2/matlab_msg_gen/glnxa64/install/include/sonia_common_ros2/sonia_common_ros2/msg/detail/serial_message__rosidl_typesupport_fastrtps_cpp.hpp\n'}
[82.641371] (sonia_common_ros2) StdoutLine: {'line': b'-- Installing: /home/nimai/ros2_sonia_ws/src/sonia_common_ros2/matlab_msg_gen/glnxa64/install/include/sonia_common_ros2/sonia_common_ros2/msg/detail/pose__rosidl_typesupport_fastrtps_cpp.hpp\n'}
[82.641678] (sonia_common_ros2) StdoutLine: {'line': b'-- Up-to-date: /home/nimai/ros2_sonia_ws/src/sonia_common_ros2/matlab_msg_gen/glnxa64/install/include/sonia_common_ros2/sonia_common_ros2/srv\n'}
[82.641872] (sonia_common_ros2) StdoutLine: {'line': b'-- Up-to-date: /home/nimai/ros2_sonia_ws/src/sonia_common_ros2/matlab_msg_gen/glnxa64/install/include/sonia_common_ros2/sonia_common_ros2/srv/detail\n'}
[82.642036] (sonia_common_ros2) StdoutLine: {'line': b'-- Installing: /home/nimai/ros2_sonia_ws/src/sonia_common_ros2/matlab_msg_gen/glnxa64/install/include/sonia_common_ros2/sonia_common_ros2/srv/detail/dropper_service__rosidl_typesupport_fastrtps_cpp.hpp\n'}
[82.642361] (sonia_common_ros2) StdoutLine: {'line': b'-- Up-to-date: /home/nimai/ros2_sonia_ws/src/sonia_common_ros2/matlab_msg_gen/glnxa64/install/include/sonia_common_ros2/sonia_common_ros2/srv/detail/dds_fastrtps\n'}
[82.642551] (sonia_common_ros2) StdoutLine: {'line': b'-- Installing: /home/nimai/ros2_sonia_ws/src/sonia_common_ros2/matlab_msg_gen/glnxa64/install/include/sonia_common_ros2/sonia_common_ros2/srv/detail/serial_service__rosidl_typesupport_fastrtps_cpp.hpp\n'}
[82.642949] (sonia_common_ros2) StdoutLine: {'line': b'-- Installing: /home/nimai/ros2_sonia_ws/src/sonia_common_ros2/matlab_msg_gen/glnxa64/install/lib/libsonia_common_ros2__rosidl_typesupport_fastrtps_cpp.so\n'}
[82.643474] (sonia_common_ros2) StdoutLine: {'line': b'-- Up-to-date: /home/nimai/ros2_sonia_ws/src/sonia_common_ros2/matlab_msg_gen/glnxa64/install/include/sonia_common_ros2/sonia_common_ros2\n'}
[82.643711] (sonia_common_ros2) StdoutLine: {'line': b'-- Up-to-date: /home/nimai/ros2_sonia_ws/src/sonia_common_ros2/matlab_msg_gen/glnxa64/install/include/sonia_common_ros2/sonia_common_ros2/msg\n'}
[82.643886] (sonia_common_ros2) StdoutLine: {'line': b'-- Up-to-date: /home/nimai/ros2_sonia_ws/src/sonia_common_ros2/matlab_msg_gen/glnxa64/install/include/sonia_common_ros2/sonia_common_ros2/msg/detail\n'}
[82.644065] (sonia_common_ros2) StdoutLine: {'line': b'-- Installing: /home/nimai/ros2_sonia_ws/src/sonia_common_ros2/matlab_msg_gen/glnxa64/install/include/sonia_common_ros2/sonia_common_ros2/msg/detail/pose__type_support.cpp\n'}
[82.644318] (sonia_common_ros2) StdoutLine: {'line': b'-- Installing: /home/nimai/ros2_sonia_ws/src/sonia_common_ros2/matlab_msg_gen/glnxa64/install/include/sonia_common_ros2/sonia_common_ros2/msg/detail/mission_status__rosidl_typesupport_introspection_cpp.hpp\n'}
[82.644637] (sonia_common_ros2) StdoutLine: {'line': b'-- Installing: /home/nimai/ros2_sonia_ws/src/sonia_common_ros2/matlab_msg_gen/glnxa64/install/include/sonia_common_ros2/sonia_common_ros2/msg/detail/pose__rosidl_typesupport_introspection_cpp.hpp\n'}
[82.644892] (sonia_common_ros2) StdoutLine: {'line': b'-- Installing: /home/nimai/ros2_sonia_ws/src/sonia_common_ros2/matlab_msg_gen/glnxa64/install/include/sonia_common_ros2/sonia_common_ros2/msg/detail/obstacle_info__rosidl_typesupport_introspection_cpp.hpp\n'}
[82.645065] (sonia_common_ros2) StdoutLine: {'line': b'-- Installing: /home/nimai/ros2_sonia_ws/src/sonia_common_ros2/matlab_msg_gen/glnxa64/install/include/sonia_common_ros2/sonia_common_ros2/msg/detail/pose_array__type_support.cpp\n'}
[82.645464] (sonia_common_ros2) StdoutLine: {'line': b'-- Installing: /home/nimai/ros2_sonia_ws/src/sonia_common_ros2/matlab_msg_gen/glnxa64/install/include/sonia_common_ros2/sonia_common_ros2/msg/detail/obstacle_info__type_support.cpp\n'}
[82.645650] (sonia_common_ros2) StdoutLine: {'line': b'-- Installing: /home/nimai/ros2_sonia_ws/src/sonia_common_ros2/matlab_msg_gen/glnxa64/install/include/sonia_common_ros2/sonia_common_ros2/msg/detail/kill_status__rosidl_typesupport_introspection_cpp.hpp\n'}
[82.645936] (sonia_common_ros2) StdoutLine: {'line': b'-- Installing: /home/nimai/ros2_sonia_ws/src/sonia_common_ros2/matlab_msg_gen/glnxa64/install/include/sonia_common_ros2/sonia_common_ros2/msg/detail/serial_message__rosidl_typesupport_introspection_cpp.hpp\n'}
[82.646244] (sonia_common_ros2) StdoutLine: {'line': b'-- Installing: /home/nimai/ros2_sonia_ws/src/sonia_common_ros2/matlab_msg_gen/glnxa64/install/include/sonia_common_ros2/sonia_common_ros2/msg/detail/obstacle_array__rosidl_typesupport_introspection_cpp.hpp\n'}
[82.646429] (sonia_common_ros2) StdoutLine: {'line': b'-- Installing: /home/nimai/ros2_sonia_ws/src/sonia_common_ros2/matlab_msg_gen/glnxa64/install/include/sonia_common_ros2/sonia_common_ros2/msg/detail/mission_status__type_support.cpp\n'}
[82.646740] (sonia_common_ros2) StdoutLine: {'line': b'-- Installing: /home/nimai/ros2_sonia_ws/src/sonia_common_ros2/matlab_msg_gen/glnxa64/install/include/sonia_common_ros2/sonia_common_ros2/msg/detail/kill_status__type_support.cpp\n'}
[82.647056] (sonia_common_ros2) StdoutLine: {'line': b'-- Installing: /home/nimai/ros2_sonia_ws/src/sonia_common_ros2/matlab_msg_gen/glnxa64/install/include/sonia_common_ros2/sonia_common_ros2/msg/detail/pose_array__rosidl_typesupport_introspection_cpp.hpp\n'}
[82.647312] (sonia_common_ros2) StdoutLine: {'line': b'-- Installing: /home/nimai/ros2_sonia_ws/src/sonia_common_ros2/matlab_msg_gen/glnxa64/install/include/sonia_common_ros2/sonia_common_ros2/msg/detail/serial_message__type_support.cpp\n'}
[82.647629] (sonia_common_ros2) StdoutLine: {'line': b'-- Installing: /home/nimai/ros2_sonia_ws/src/sonia_common_ros2/matlab_msg_gen/glnxa64/install/include/sonia_common_ros2/sonia_common_ros2/msg/detail/obstacle_array__type_support.cpp\n'}
[82.647813] (sonia_common_ros2) StdoutLine: {'line': b'-- Up-to-date: /home/nimai/ros2_sonia_ws/src/sonia_common_ros2/matlab_msg_gen/glnxa64/install/include/sonia_common_ros2/sonia_common_ros2/srv\n'}
[82.647991] (sonia_common_ros2) StdoutLine: {'line': b'-- Up-to-date: /home/nimai/ros2_sonia_ws/src/sonia_common_ros2/matlab_msg_gen/glnxa64/install/include/sonia_common_ros2/sonia_common_ros2/srv/detail\n'}
[82.648169] (sonia_common_ros2) StdoutLine: {'line': b'-- Installing: /home/nimai/ros2_sonia_ws/src/sonia_common_ros2/matlab_msg_gen/glnxa64/install/include/sonia_common_ros2/sonia_common_ros2/srv/detail/dropper_service__rosidl_typesupport_introspection_cpp.hpp\n'}
[82.648486] (sonia_common_ros2) StdoutLine: {'line': b'-- Installing: /home/nimai/ros2_sonia_ws/src/sonia_common_ros2/matlab_msg_gen/glnxa64/install/include/sonia_common_ros2/sonia_common_ros2/srv/detail/serial_service__rosidl_typesupport_introspection_cpp.hpp\n'}
[82.648865] (sonia_common_ros2) StdoutLine: {'line': b'-- Installing: /home/nimai/ros2_sonia_ws/src/sonia_common_ros2/matlab_msg_gen/glnxa64/install/include/sonia_common_ros2/sonia_common_ros2/srv/detail/serial_service__type_support.cpp\n'}
[82.649220] (sonia_common_ros2) StdoutLine: {'line': b'-- Installing: /home/nimai/ros2_sonia_ws/src/sonia_common_ros2/matlab_msg_gen/glnxa64/install/include/sonia_common_ros2/sonia_common_ros2/srv/detail/dropper_service__type_support.cpp\n'}
[82.649673] (sonia_common_ros2) StdoutLine: {'line': b'-- Installing: /home/nimai/ros2_sonia_ws/src/sonia_common_ros2/matlab_msg_gen/glnxa64/install/lib/libsonia_common_ros2__rosidl_typesupport_introspection_cpp.so\n'}
[82.650268] (sonia_common_ros2) StdoutLine: {'line': b'-- Installing: /home/nimai/ros2_sonia_ws/src/sonia_common_ros2/matlab_msg_gen/glnxa64/install/lib/libsonia_common_ros2__rosidl_typesupport_cpp.so\n'}
[82.650668] (sonia_common_ros2) StdoutLine: {'line': b'-- Up-to-date: /home/nimai/ros2_sonia_ws/src/sonia_common_ros2/matlab_msg_gen/glnxa64/install/share/sonia_common_ros2/msg/KillStatus.idl\n'}
[82.650891] (sonia_common_ros2) StdoutLine: {'line': b'-- Up-to-date: /home/nimai/ros2_sonia_ws/src/sonia_common_ros2/matlab_msg_gen/glnxa64/install/share/sonia_common_ros2/msg/MissionStatus.idl\n'}
[82.651084] (sonia_common_ros2) StdoutLine: {'line': b'-- Installing: /home/nimai/ros2_sonia_ws/src/sonia_common_ros2/matlab_msg_gen/glnxa64/install/share/sonia_common_ros2/msg/ObstacleArray.idl\n'}
[82.651406] (sonia_common_ros2) StdoutLine: {'line': b'-- Installing: /home/nimai/ros2_sonia_ws/src/sonia_common_ros2/matlab_msg_gen/glnxa64/install/share/sonia_common_ros2/msg/ObstacleInfo.idl\n'}
[82.651684] (sonia_common_ros2) StdoutLine: {'line': b'-- Up-to-date: /home/nimai/ros2_sonia_ws/src/sonia_common_ros2/matlab_msg_gen/glnxa64/install/share/sonia_common_ros2/msg/Pose.idl\n'}
[82.651917] (sonia_common_ros2) StdoutLine: {'line': b'-- Up-to-date: /home/nimai/ros2_sonia_ws/src/sonia_common_ros2/matlab_msg_gen/glnxa64/install/share/sonia_common_ros2/msg/PoseArray.idl\n'}
[82.652165] (sonia_common_ros2) StdoutLine: {'line': b'-- Up-to-date: /home/nimai/ros2_sonia_ws/src/sonia_common_ros2/matlab_msg_gen/glnxa64/install/share/sonia_common_ros2/msg/SerialMessage.idl\n'}
[82.652379] (sonia_common_ros2) StdoutLine: {'line': b'-- Up-to-date: /home/nimai/ros2_sonia_ws/src/sonia_common_ros2/matlab_msg_gen/glnxa64/install/share/sonia_common_ros2/srv/DropperService.idl\n'}
[82.652614] (sonia_common_ros2) StdoutLine: {'line': b'-- Up-to-date: /home/nimai/ros2_sonia_ws/src/sonia_common_ros2/matlab_msg_gen/glnxa64/install/share/sonia_common_ros2/srv/SerialService.idl\n'}
[82.652825] (sonia_common_ros2) StdoutLine: {'line': b'-- Up-to-date: /home/nimai/ros2_sonia_ws/src/sonia_common_ros2/matlab_msg_gen/glnxa64/install/share/sonia_common_ros2/msg/KillStatus.msg\n'}
[82.653046] (sonia_common_ros2) StdoutLine: {'line': b'-- Up-to-date: /home/nimai/ros2_sonia_ws/src/sonia_common_ros2/matlab_msg_gen/glnxa64/install/share/sonia_common_ros2/msg/MissionStatus.msg\n'}
[82.653238] (sonia_common_ros2) StdoutLine: {'line': b'-- Installing: /home/nimai/ros2_sonia_ws/src/sonia_common_ros2/matlab_msg_gen/glnxa64/install/share/sonia_common_ros2/msg/ObstacleArray.msg\n'}
[82.653474] (sonia_common_ros2) StdoutLine: {'line': b'-- Installing: /home/nimai/ros2_sonia_ws/src/sonia_common_ros2/matlab_msg_gen/glnxa64/install/share/sonia_common_ros2/msg/ObstacleInfo.msg\n'}
[82.653699] (sonia_common_ros2) StdoutLine: {'line': b'-- Up-to-date: /home/nimai/ros2_sonia_ws/src/sonia_common_ros2/matlab_msg_gen/glnxa64/install/share/sonia_common_ros2/msg/Pose.msg\n'}
[82.653911] (sonia_common_ros2) StdoutLine: {'line': b'-- Up-to-date: /home/nimai/ros2_sonia_ws/src/sonia_common_ros2/matlab_msg_gen/glnxa64/install/share/sonia_common_ros2/msg/PoseArray.msg\n'}
[82.654140] (sonia_common_ros2) StdoutLine: {'line': b'-- Up-to-date: /home/nimai/ros2_sonia_ws/src/sonia_common_ros2/matlab_msg_gen/glnxa64/install/share/sonia_common_ros2/msg/SerialMessage.msg\n'}
[82.654336] (sonia_common_ros2) StdoutLine: {'line': b'-- Up-to-date: /home/nimai/ros2_sonia_ws/src/sonia_common_ros2/matlab_msg_gen/glnxa64/install/share/sonia_common_ros2/srv/DropperService.srv\n'}
[82.654549] (sonia_common_ros2) StdoutLine: {'line': b'-- Up-to-date: /home/nimai/ros2_sonia_ws/src/sonia_common_ros2/matlab_msg_gen/glnxa64/install/share/sonia_common_ros2/srv/DropperService_Request.msg\n'}
[82.654704] (sonia_common_ros2) StdoutLine: {'line': b'-- Up-to-date: /home/nimai/ros2_sonia_ws/src/sonia_common_ros2/matlab_msg_gen/glnxa64/install/share/sonia_common_ros2/srv/DropperService_Response.msg\n'}
[82.654905] (sonia_common_ros2) StdoutLine: {'line': b'-- Up-to-date: /home/nimai/ros2_sonia_ws/src/sonia_common_ros2/matlab_msg_gen/glnxa64/install/share/sonia_common_ros2/srv/SerialService.srv\n'}
[82.655129] (sonia_common_ros2) StdoutLine: {'line': b'-- Up-to-date: /home/nimai/ros2_sonia_ws/src/sonia_common_ros2/matlab_msg_gen/glnxa64/install/share/sonia_common_ros2/srv/SerialService_Request.msg\n'}
[82.655283] (sonia_common_ros2) StdoutLine: {'line': b'-- Up-to-date: /home/nimai/ros2_sonia_ws/src/sonia_common_ros2/matlab_msg_gen/glnxa64/install/share/sonia_common_ros2/srv/SerialService_Response.msg\n'}
[82.655427] (sonia_common_ros2) StdoutLine: {'line': b'-- Up-to-date: /home/nimai/ros2_sonia_ws/src/sonia_common_ros2/matlab_msg_gen/glnxa64/install/include\n'}
[82.655575] (sonia_common_ros2) StdoutLine: {'line': b'-- Up-to-date: /home/nimai/ros2_sonia_ws/src/sonia_common_ros2/matlab_msg_gen/glnxa64/install/include/sonia_common_ros2\n'}
[82.655768] (sonia_common_ros2) StdoutLine: {'line': b'-- Up-to-date: /home/nimai/ros2_sonia_ws/src/sonia_common_ros2/matlab_msg_gen/glnxa64/install/include/sonia_common_ros2/visibility_control.h\n'}
[82.655965] (sonia_common_ros2) StdoutLine: {'line': b'-- Installing: /home/nimai/ros2_sonia_ws/src/sonia_common_ros2/matlab_msg_gen/glnxa64/install/lib/libsonia_common_ros2_matlab.so\n'}
[82.660664] (-) TimerEvent: {}
[82.725331] (sonia_common_ros2) StdoutLine: {'line': b'-- Up-to-date: /home/nimai/ros2_sonia_ws/src/sonia_common_ros2/matlab_msg_gen/glnxa64/install/m/\n'}
[82.725585] (sonia_common_ros2) StdoutLine: {'line': b'-- Up-to-date: /home/nimai/ros2_sonia_ws/src/sonia_common_ros2/matlab_msg_gen/glnxa64/install/m//+ros\n'}
[82.725902] (sonia_common_ros2) StdoutLine: {'line': b'-- Up-to-date: /home/nimai/ros2_sonia_ws/src/sonia_common_ros2/matlab_msg_gen/glnxa64/install/m//+ros/+internal\n'}
[82.726151] (sonia_common_ros2) StdoutLine: {'line': b'-- Up-to-date: /home/nimai/ros2_sonia_ws/src/sonia_common_ros2/matlab_msg_gen/glnxa64/install/m//+ros/+internal/+ros2\n'}
[82.726370] (sonia_common_ros2) StdoutLine: {'line': b'-- Up-to-date: /home/nimai/ros2_sonia_ws/src/sonia_common_ros2/matlab_msg_gen/glnxa64/install/m//+ros/+internal/+ros2/+custommessages\n'}
[82.726636] (sonia_common_ros2) StdoutLine: {'line': b'-- Up-to-date: /home/nimai/ros2_sonia_ws/src/sonia_common_ros2/matlab_msg_gen/glnxa64/install/m//+ros/+internal/+ros2/+custommessages/+sonia_common_ros2\n'}
[82.726918] (sonia_common_ros2) StdoutLine: {'line': b'-- Installing: /home/nimai/ros2_sonia_ws/src/sonia_common_ros2/matlab_msg_gen/glnxa64/install/m//+ros/+internal/+ros2/+custommessages/+sonia_common_ros2/obstacleArray.m\n'}
[82.727341] (sonia_common_ros2) StdoutLine: {'line': b'-- Up-to-date: /home/nimai/ros2_sonia_ws/src/sonia_common_ros2/matlab_msg_gen/glnxa64/install/m//+ros/+internal/+ros2/+custommessages/+sonia_common_ros2/missionStatus.m\n'}
[82.727552] (sonia_common_ros2) StdoutLine: {'line': b'-- Up-to-date: /home/nimai/ros2_sonia_ws/src/sonia_common_ros2/matlab_msg_gen/glnxa64/install/m//+ros/+internal/+ros2/+custommessages/+sonia_common_ros2/dropperServiceResponse.m\n'}
[82.727793] (sonia_common_ros2) StdoutLine: {'line': b'-- Up-to-date: /home/nimai/ros2_sonia_ws/src/sonia_common_ros2/matlab_msg_gen/glnxa64/install/m//+ros/+internal/+ros2/+custommessages/+sonia_common_ros2/killStatus.m\n'}
[82.727950] (sonia_common_ros2) StdoutLine: {'line': b'-- Up-to-date: /home/nimai/ros2_sonia_ws/src/sonia_common_ros2/matlab_msg_gen/glnxa64/install/m//+ros/+internal/+ros2/+custommessages/+sonia_common_ros2/serialServiceResponse.m\n'}
[82.728045] (sonia_common_ros2) StdoutLine: {'line': b'-- Up-to-date: /home/nimai/ros2_sonia_ws/src/sonia_common_ros2/matlab_msg_gen/glnxa64/install/m//+ros/+internal/+ros2/+custommessages/+sonia_common_ros2/serialMessage.m\n'}
[82.728168] (sonia_common_ros2) StdoutLine: {'line': b'-- Up-to-date: /home/nimai/ros2_sonia_ws/src/sonia_common_ros2/matlab_msg_gen/glnxa64/install/m//+ros/+internal/+ros2/+custommessages/+sonia_common_ros2/dropperServiceRequest.m\n'}
[82.728253] (sonia_common_ros2) StdoutLine: {'line': b'-- Up-to-date: /home/nimai/ros2_sonia_ws/src/sonia_common_ros2/matlab_msg_gen/glnxa64/install/m//+ros/+internal/+ros2/+custommessages/+sonia_common_ros2/poseArray.m\n'}
[82.728336] (sonia_common_ros2) StdoutLine: {'line': b'-- Up-to-date: /home/nimai/ros2_sonia_ws/src/sonia_common_ros2/matlab_msg_gen/glnxa64/install/m//+ros/+internal/+ros2/+custommessages/+sonia_common_ros2/pose.m\n'}
[82.728421] (sonia_common_ros2) StdoutLine: {'line': b'-- Up-to-date: /home/nimai/ros2_sonia_ws/src/sonia_common_ros2/matlab_msg_gen/glnxa64/install/m//+ros/+internal/+ros2/+custommessages/+sonia_common_ros2/serialServiceRequest.m\n'}
[82.728533] (sonia_common_ros2) StdoutLine: {'line': b'-- Installing: /home/nimai/ros2_sonia_ws/src/sonia_common_ros2/matlab_msg_gen/glnxa64/install/m//+ros/+internal/+ros2/+custommessages/+sonia_common_ros2/obstacleInfo.m\n'}
[82.728615] (sonia_common_ros2) StdoutLine: {'line': b'-- Installing: /home/nimai/ros2_sonia_ws/src/sonia_common_ros2/matlab_msg_gen/glnxa64/install/share/ament_index/resource_index/package_run_dependencies/sonia_common_ros2\n'}
[82.729047] (sonia_common_ros2) StdoutLine: {'line': b'-- Installing: /home/nimai/ros2_sonia_ws/src/sonia_common_ros2/matlab_msg_gen/glnxa64/install/share/ament_index/resource_index/parent_prefix_path/sonia_common_ros2\n'}
[82.729648] (sonia_common_ros2) StdoutLine: {'line': b'-- Up-to-date: /home/nimai/ros2_sonia_ws/src/sonia_common_ros2/matlab_msg_gen/glnxa64/install/share/sonia_common_ros2/environment/ament_prefix_path.sh\n'}
[82.729805] (sonia_common_ros2) StdoutLine: {'line': b'-- Installing: /home/nimai/ros2_sonia_ws/src/sonia_common_ros2/matlab_msg_gen/glnxa64/install/share/sonia_common_ros2/environment/ament_prefix_path.dsv\n'}
[82.730349] (sonia_common_ros2) StdoutLine: {'line': b'-- Up-to-date: /home/nimai/ros2_sonia_ws/src/sonia_common_ros2/matlab_msg_gen/glnxa64/install/share/sonia_common_ros2/environment/path.sh\n'}
[82.730542] (sonia_common_ros2) StdoutLine: {'line': b'-- Installing: /home/nimai/ros2_sonia_ws/src/sonia_common_ros2/matlab_msg_gen/glnxa64/install/share/sonia_common_ros2/environment/path.dsv\n'}
[82.730956] (sonia_common_ros2) StdoutLine: {'line': b'-- Up-to-date: /home/nimai/ros2_sonia_ws/src/sonia_common_ros2/matlab_msg_gen/glnxa64/install/share/sonia_common_ros2/local_setup.bash\n'}
[82.731151] (sonia_common_ros2) StdoutLine: {'line': b'-- Up-to-date: /home/nimai/ros2_sonia_ws/src/sonia_common_ros2/matlab_msg_gen/glnxa64/install/share/sonia_common_ros2/local_setup.sh\n'}
[82.731329] (sonia_common_ros2) StdoutLine: {'line': b'-- Up-to-date: /home/nimai/ros2_sonia_ws/src/sonia_common_ros2/matlab_msg_gen/glnxa64/install/share/sonia_common_ros2/local_setup.zsh\n'}
[82.731474] (sonia_common_ros2) StdoutLine: {'line': b'-- Installing: /home/nimai/ros2_sonia_ws/src/sonia_common_ros2/matlab_msg_gen/glnxa64/install/share/sonia_common_ros2/local_setup.dsv\n'}
[82.732057] (sonia_common_ros2) StdoutLine: {'line': b'-- Installing: /home/nimai/ros2_sonia_ws/src/sonia_common_ros2/matlab_msg_gen/glnxa64/install/share/sonia_common_ros2/package.dsv\n'}
[82.732677] (sonia_common_ros2) StdoutLine: {'line': b'-- Up-to-date: /home/nimai/ros2_sonia_ws/src/sonia_common_ros2/matlab_msg_gen/glnxa64/install/share/ament_index/resource_index/packages/sonia_common_ros2\n'}
[82.733171] (sonia_common_ros2) StdoutLine: {'line': b'-- Old export file "/home/nimai/ros2_sonia_ws/src/sonia_common_ros2/matlab_msg_gen/glnxa64/install/share/sonia_common_ros2/cmake/export_sonia_common_ros2__rosidl_generator_cExport.cmake" will be replaced.  Removing files [/home/nimai/ros2_sonia_ws/src/sonia_common_ros2/matlab_msg_gen/glnxa64/install/share/sonia_common_ros2/cmake/export_sonia_common_ros2__rosidl_generator_cExport-release.cmake].\n'}
[82.733352] (sonia_common_ros2) StdoutLine: {'line': b'-- Installing: /home/nimai/ros2_sonia_ws/src/sonia_common_ros2/matlab_msg_gen/glnxa64/install/share/sonia_common_ros2/cmake/export_sonia_common_ros2__rosidl_generator_cExport.cmake\n'}
[82.733901] (sonia_common_ros2) StdoutLine: {'line': b'-- Installing: /home/nimai/ros2_sonia_ws/src/sonia_common_ros2/matlab_msg_gen/glnxa64/install/share/sonia_common_ros2/cmake/export_sonia_common_ros2__rosidl_generator_cExport-release.cmake\n'}
[82.734498] (sonia_common_ros2) StdoutLine: {'line': b'-- Old export file "/home/nimai/ros2_sonia_ws/src/sonia_common_ros2/matlab_msg_gen/glnxa64/install/share/sonia_common_ros2/cmake/export_sonia_common_ros2__rosidl_typesupport_fastrtps_cExport.cmake" will be replaced.  Removing files [/home/nimai/ros2_sonia_ws/src/sonia_common_ros2/matlab_msg_gen/glnxa64/install/share/sonia_common_ros2/cmake/export_sonia_common_ros2__rosidl_typesupport_fastrtps_cExport-release.cmake].\n'}
[82.734727] (sonia_common_ros2) StdoutLine: {'line': b'-- Installing: /home/nimai/ros2_sonia_ws/src/sonia_common_ros2/matlab_msg_gen/glnxa64/install/share/sonia_common_ros2/cmake/export_sonia_common_ros2__rosidl_typesupport_fastrtps_cExport.cmake\n'}
[82.735132] (sonia_common_ros2) StdoutLine: {'line': b'-- Installing: /home/nimai/ros2_sonia_ws/src/sonia_common_ros2/matlab_msg_gen/glnxa64/install/share/sonia_common_ros2/cmake/export_sonia_common_ros2__rosidl_typesupport_fastrtps_cExport-release.cmake\n'}
[82.735745] (sonia_common_ros2) StdoutLine: {'line': b'-- Old export file "/home/nimai/ros2_sonia_ws/src/sonia_common_ros2/matlab_msg_gen/glnxa64/install/share/sonia_common_ros2/cmake/sonia_common_ros2__rosidl_typesupport_introspection_cExport.cmake" will be replaced.  Removing files [/home/nimai/ros2_sonia_ws/src/sonia_common_ros2/matlab_msg_gen/glnxa64/install/share/sonia_common_ros2/cmake/sonia_common_ros2__rosidl_typesupport_introspection_cExport-release.cmake].\n'}
[82.735976] (sonia_common_ros2) StdoutLine: {'line': b'-- Installing: /home/nimai/ros2_sonia_ws/src/sonia_common_ros2/matlab_msg_gen/glnxa64/install/share/sonia_common_ros2/cmake/sonia_common_ros2__rosidl_typesupport_introspection_cExport.cmake\n'}
[82.736477] (sonia_common_ros2) StdoutLine: {'line': b'-- Installing: /home/nimai/ros2_sonia_ws/src/sonia_common_ros2/matlab_msg_gen/glnxa64/install/share/sonia_common_ros2/cmake/sonia_common_ros2__rosidl_typesupport_introspection_cExport-release.cmake\n'}
[82.737112] (sonia_common_ros2) StdoutLine: {'line': b'-- Old export file "/home/nimai/ros2_sonia_ws/src/sonia_common_ros2/matlab_msg_gen/glnxa64/install/share/sonia_common_ros2/cmake/sonia_common_ros2__rosidl_typesupport_cExport.cmake" will be replaced.  Removing files [/home/nimai/ros2_sonia_ws/src/sonia_common_ros2/matlab_msg_gen/glnxa64/install/share/sonia_common_ros2/cmake/sonia_common_ros2__rosidl_typesupport_cExport-release.cmake].\n'}
[82.737300] (sonia_common_ros2) StdoutLine: {'line': b'-- Installing: /home/nimai/ros2_sonia_ws/src/sonia_common_ros2/matlab_msg_gen/glnxa64/install/share/sonia_common_ros2/cmake/sonia_common_ros2__rosidl_typesupport_cExport.cmake\n'}
[82.737790] (sonia_common_ros2) StdoutLine: {'line': b'-- Installing: /home/nimai/ros2_sonia_ws/src/sonia_common_ros2/matlab_msg_gen/glnxa64/install/share/sonia_common_ros2/cmake/sonia_common_ros2__rosidl_typesupport_cExport-release.cmake\n'}
[82.738449] (sonia_common_ros2) StdoutLine: {'line': b'-- Installing: /home/nimai/ros2_sonia_ws/src/sonia_common_ros2/matlab_msg_gen/glnxa64/install/share/sonia_common_ros2/cmake/export_sonia_common_ros2__rosidl_generator_cppExport.cmake\n'}
[82.739176] (sonia_common_ros2) StdoutLine: {'line': b'-- Old export file "/home/nimai/ros2_sonia_ws/src/sonia_common_ros2/matlab_msg_gen/glnxa64/install/share/sonia_common_ros2/cmake/export_sonia_common_ros2__rosidl_typesupport_fastrtps_cppExport.cmake" will be replaced.  Removing files [/home/nimai/ros2_sonia_ws/src/sonia_common_ros2/matlab_msg_gen/glnxa64/install/share/sonia_common_ros2/cmake/export_sonia_common_ros2__rosidl_typesupport_fastrtps_cppExport-release.cmake].\n'}
[82.739346] (sonia_common_ros2) StdoutLine: {'line': b'-- Installing: /home/nimai/ros2_sonia_ws/src/sonia_common_ros2/matlab_msg_gen/glnxa64/install/share/sonia_common_ros2/cmake/export_sonia_common_ros2__rosidl_typesupport_fastrtps_cppExport.cmake\n'}
[82.739843] (sonia_common_ros2) StdoutLine: {'line': b'-- Installing: /home/nimai/ros2_sonia_ws/src/sonia_common_ros2/matlab_msg_gen/glnxa64/install/share/sonia_common_ros2/cmake/export_sonia_common_ros2__rosidl_typesupport_fastrtps_cppExport-release.cmake\n'}
[82.740412] (sonia_common_ros2) StdoutLine: {'line': b'-- Old export file "/home/nimai/ros2_sonia_ws/src/sonia_common_ros2/matlab_msg_gen/glnxa64/install/share/sonia_common_ros2/cmake/sonia_common_ros2__rosidl_typesupport_introspection_cppExport.cmake" will be replaced.  Removing files [/home/nimai/ros2_sonia_ws/src/sonia_common_ros2/matlab_msg_gen/glnxa64/install/share/sonia_common_ros2/cmake/sonia_common_ros2__rosidl_typesupport_introspection_cppExport-release.cmake].\n'}
[82.740602] (sonia_common_ros2) StdoutLine: {'line': b'-- Installing: /home/nimai/ros2_sonia_ws/src/sonia_common_ros2/matlab_msg_gen/glnxa64/install/share/sonia_common_ros2/cmake/sonia_common_ros2__rosidl_typesupport_introspection_cppExport.cmake\n'}
[82.741171] (sonia_common_ros2) StdoutLine: {'line': b'-- Installing: /home/nimai/ros2_sonia_ws/src/sonia_common_ros2/matlab_msg_gen/glnxa64/install/share/sonia_common_ros2/cmake/sonia_common_ros2__rosidl_typesupport_introspection_cppExport-release.cmake\n'}
[82.741791] (sonia_common_ros2) StdoutLine: {'line': b'-- Old export file "/home/nimai/ros2_sonia_ws/src/sonia_common_ros2/matlab_msg_gen/glnxa64/install/share/sonia_common_ros2/cmake/sonia_common_ros2__rosidl_typesupport_cppExport.cmake" will be replaced.  Removing files [/home/nimai/ros2_sonia_ws/src/sonia_common_ros2/matlab_msg_gen/glnxa64/install/share/sonia_common_ros2/cmake/sonia_common_ros2__rosidl_typesupport_cppExport-release.cmake].\n'}
[82.742037] (sonia_common_ros2) StdoutLine: {'line': b'-- Installing: /home/nimai/ros2_sonia_ws/src/sonia_common_ros2/matlab_msg_gen/glnxa64/install/share/sonia_common_ros2/cmake/sonia_common_ros2__rosidl_typesupport_cppExport.cmake\n'}
[82.742463] (sonia_common_ros2) StdoutLine: {'line': b'-- Installing: /home/nimai/ros2_sonia_ws/src/sonia_common_ros2/matlab_msg_gen/glnxa64/install/share/sonia_common_ros2/cmake/sonia_common_ros2__rosidl_typesupport_cppExport-release.cmake\n'}
[82.742943] (sonia_common_ros2) StdoutLine: {'line': b'-- Installing: /home/nimai/ros2_sonia_ws/src/sonia_common_ros2/matlab_msg_gen/glnxa64/install/share/sonia_common_ros2/cmake/rosidl_cmake-extras.cmake\n'}
[82.743296] (sonia_common_ros2) StdoutLine: {'line': b'-- Installing: /home/nimai/ros2_sonia_ws/src/sonia_common_ros2/matlab_msg_gen/glnxa64/install/share/sonia_common_ros2/cmake/ament_cmake_export_dependencies-extras.cmake\n'}
[82.743669] (sonia_common_ros2) StdoutLine: {'line': b'-- Up-to-date: /home/nimai/ros2_sonia_ws/src/sonia_common_ros2/matlab_msg_gen/glnxa64/install/share/sonia_common_ros2/cmake/ament_cmake_export_include_directories-extras.cmake\n'}
[82.743820] (sonia_common_ros2) StdoutLine: {'line': b'-- Up-to-date: /home/nimai/ros2_sonia_ws/src/sonia_common_ros2/matlab_msg_gen/glnxa64/install/share/sonia_common_ros2/cmake/ament_cmake_export_libraries-extras.cmake\n'}
[82.743946] (sonia_common_ros2) StdoutLine: {'line': b'-- Up-to-date: /home/nimai/ros2_sonia_ws/src/sonia_common_ros2/matlab_msg_gen/glnxa64/install/share/sonia_common_ros2/cmake/ament_cmake_export_targets-extras.cmake\n'}
[82.744100] (sonia_common_ros2) StdoutLine: {'line': b'-- Up-to-date: /home/nimai/ros2_sonia_ws/src/sonia_common_ros2/matlab_msg_gen/glnxa64/install/share/sonia_common_ros2/cmake/rosidl_cmake_export_typesupport_targets-extras.cmake\n'}
[82.744245] (sonia_common_ros2) StdoutLine: {'line': b'-- Up-to-date: /home/nimai/ros2_sonia_ws/src/sonia_common_ros2/matlab_msg_gen/glnxa64/install/share/sonia_common_ros2/cmake/rosidl_cmake_export_typesupport_libraries-extras.cmake\n'}
[82.744405] (sonia_common_ros2) StdoutLine: {'line': b'-- Up-to-date: /home/nimai/ros2_sonia_ws/src/sonia_common_ros2/matlab_msg_gen/glnxa64/install/share/sonia_common_ros2/cmake/sonia_common_ros2Config.cmake\n'}
[82.744520] (sonia_common_ros2) StdoutLine: {'line': b'-- Up-to-date: /home/nimai/ros2_sonia_ws/src/sonia_common_ros2/matlab_msg_gen/glnxa64/install/share/sonia_common_ros2/cmake/sonia_common_ros2Config-version.cmake\n'}
[82.744634] (sonia_common_ros2) StdoutLine: {'line': b'-- Installing: /home/nimai/ros2_sonia_ws/src/sonia_common_ros2/matlab_msg_gen/glnxa64/install/share/sonia_common_ros2/package.xml\n'}
[82.747033] (sonia_common_ros2) CommandEnded: {'returncode': 0}
[82.762659] (-) TimerEvent: {}
[82.868088] (-) TimerEvent: {}
[82.917936] (sonia_common_ros2) JobEnded: {'identifier': 'sonia_common_ros2', 'rc': 0}
[82.918691] (-) EventReactorShutdown: {}
