[0.000000] (-) TimerEvent: {}
[0.000142] (sonia_common_ros2) JobQueued: {'identifier': 'sonia_common_ros2', 'dependencies': OrderedDict()}
[0.000387] (sonia_common_ros2) JobStarted: {'identifier': 'sonia_common_ros2'}
[0.035753] (sonia_common_ros2) JobProgress: {'identifier': 'sonia_common_ros2', 'progress': 'cmake'}
[0.037021] (sonia_common_ros2) JobProgress: {'identifier': 'sonia_common_ros2', 'progress': 'build'}
[0.037095] (sonia_common_ros2) Command: {'cmd': ['/usr/local/MATLAB/R2024a/bin/glnxa64/cmake/bin/cmake', '--build', '/home/nimai/ros2_sonia_ws/src/sonia_common_ros2/matlab_msg_gen/glnxa64/build/sonia_common_ros2', '--', '-j8', '-l8'], 'cwd': '/home/nimai/ros2_sonia_ws/src/sonia_common_ros2/matlab_msg_gen/glnxa64/build/sonia_common_ros2', 'env': OrderedDict([('LESSOPEN', '| /usr/bin/lesspipe %s'), ('ARCH', 'glnxa64'), ('VSCODE_CWD', '/home/nimai/ros2_sonia_ws/src/control_library'), ('LANGUAGE', 'en_CA:en'), ('CUSTOM_LD_LIBRARY_PATH', ''), ('USER', 'nimai'), ('SNAP_COMMON', '/var/snap/code/common'), ('ROS_MAVEN_DEPLOYMENT_REPOSITORY', '/home/nimai/.m2/repository/'), ('LOCAL_PYTHON_VENV_PATH', '/home/nimai/.matlab/R2024a/ros2/glnxa64/venv'), ('VSCODE_NLS_CONFIG', '{"locale":"en-gb","osLocale":"en-ca","availableLanguages":{},"_languagePackSupport":true}'), ('MEMKIND_HEAP_MANAGER', 'TBB'), ('MATLAB_LOG_DIR', '/tmp/matlabls_36804'), ('GIO_MODULE_DIR', '/home/nimai/snap/code/common/.cache/gio-modules'), ('VSCODE_HANDLES_UNCAUGHT_ERRORS', 'true'), ('CUSTOM_AMENT_PREFIX_PATH', '/home/nimai/ros2_sonia_ws/src/sonia_common_ros2/matlab_msg_gen/glnxa64/install:/usr/local/MATLAB/R2024a/sys/ros2/glnxa64/ros2'), ('XDG_SESSION_TYPE', 'wayland'), ('SNAP_UID', '1000'), ('KMP_HANDLE_SIGNALS', '0'), ('SHLVL', '2'), ('ICU_TIMEZONE_FILES_DIR', '/usr/local/MATLAB/R2024a/bin/icutzdata'), ('LD_LIBRARY_PATH', ':/usr/local/MATLAB/R2024a/sys/ros2/glnxa64/ros2/lib:/usr/local/MATLAB/R2024a/sys/opengl/lib/glnxa64:/usr/local/MATLAB/R2024a/sys/os/glnxa64:/usr/local/MATLAB/R2024a/bin/glnxa64:/home/nimai/.MathWorks/sjIU_JBHMpDfD2I6PVGUzD1UvwcpVSfTWaVgy57sVOE/bin/glnxa64:/usr/local/MATLAB/R2024a/extern/lib/glnxa64:/usr/local/MATLAB/R2024a/cefclient/sys/os/glnxa64:/usr/local/MATLAB/R2024a/runtime/glnxa64:/usr/local/MATLAB/R2024a/sys/java/jre/glnxa64/jre/lib/amd64/native_threads:/usr/local/MATLAB/R2024a/sys/java/jre/glnxa64/jre/lib/amd64/server:/home/nimai/ros2_sonia_ws/install/sonia_common_ros2/lib:/home/nimai/ros2_sonia_ws/install/sonia_common_cpp/lib:/home/nimai/ros2_sonia_ws/install/btcpp_ros2_interfaces/lib:/home/nimai/ros2_sonia_ws/install/behaviortree_cpp/lib:/opt/ros/humble/opt/rviz_ogre_vendor/lib:/opt/ros/humble/lib/x86_64-linux-gnu:/opt/ros/humble/lib'), ('BASEMATLABPATH', ''), ('HOME', '/home/nimai'), ('CHROME_DESKTOP', 'code-url-handler.desktop'), ('SNAP_LIBRARY_PATH', '/var/lib/snapd/lib/gl:/var/lib/snapd/lib/gl32:/var/lib/snapd/void'), ('AUTOMOUNT_MAP', ''), ('OLDPWD', '/usr/local/MATLAB/R2024a'), ('DESKTOP_SESSION', 'ubuntu'), ('MW_LD_SHIM', '/usr/local/MATLAB/R2024a/bin/glnxa64/ld_shim.so.2.35.ubuntu_22_04'), ('SNAP_USER_DATA', '/home/nimai/snap/code/157'), ('GTK_PATH', '/snap/code/157/usr/lib/x86_64-linux-gnu/gtk-3.0'), ('VSCODE_IPC_HOOK', '/run/user/1000/vscode-4851b5d9-1.88-main.sock'), ('GTK_IM_MODULE_FILE', '/home/nimai/snap/code/common/.cache/immodules/immodules.cache'), ('ROS_PYTHON_VERSION', '3'), ('GNOME_SHELL_SESSION_MODE', 'ubuntu'), ('GTK_MODULES', 'gail:atk-bridge'), ('KMP_BLOCKTIME', '1'), ('PS1', '(venv)'), ('ELECTRON_NO_ASAR', '1'), ('ROS_IP', '10.192.164.236'), ('LIBVA_MESSAGING_LEVEL', '0'), ('MANAGERPID', '933'), ('SYSTEMD_EXEC_PID', '1320'), ('DBUS_SESSION_BUS_ADDRESS', 'unix:path=/run/user/1000/bus'), ('SNAP_REVISION', '157'), ('COLORTERM', 'truecolor'), ('TERMINATOR_DBUS_NAME', 'net.tenshu.Terminator25ef4b219e3b005583550f2b0f9f990c3'), ('GIO_LAUNCHED_DESKTOP_FILE_PID', '35465'), ('VSCODE_CRASH_REPORTER_PROCESS_TYPE', 'extensionHost'), ('CUSTOM_SITE_PACKAGES_PATH', ''), ('IM_CONFIG_PHASE', '1'), ('WAYLAND_DISPLAY', 'wayland-0'), ('COLCON_PREFIX_PATH', '/home/nimai/ros2_sonia_ws/src/sonia_common_ros2/matlab_msg_gen/glnxa64/install:/usr/local/MATLAB/R2024a/sys/ros2/glnxa64/ros2:/usr/local/MATLAB/R2024a/sys/ros2/glnxa64/ros2'), ('MWAPIKEY', 'bVU8GKr.qEE~~mIVkDIqqQKPe9LNm1cuvxE8eduffQ_HOLqo-1PMCJB8IVGGSBFWPXSzdjqj5Zck~rif.oHtpUMPBWMirqE~oaoteiDy03mtcrjyEIBRa86iL5Zs0AyusN27fHmxB-BU7hkPV05J6cdbNa9X1L2GKORWxtlmC6TRLc3Ea2o~NHbvfrlmA02DfHh0fRshhy4YCeL2dE8aV9bpS3Ed1r0P3Ta9F5TkB9boUMaahuK0T1K7sldnP_myP9Zsmj~F0JiQzlobYUs7oG2d48mFniCFVwBWXQqwfqE2DkgtJ5GlqJrDXzmdQg4WNj.BEO4VzY4aD7Zgd__vuOpyYRw6iPiaBWxa4qkoTftee60Bi0lf2~2TGOJMsizE63U3m.mNAkViDK5-AumurnhU.iqcN3CJ6d3Rxt1CfYGy9eQ7PzBx-CCOsukceuFvQ5ot5GHmneRfKg0BnyPyg~FHtss92Fk.eE_igAQ-CrvVjxQhNZSFgamYUsajdyDPcLSmFD.wIMONJ5JZ7MK7a3hmQkudu9soighEJQiWOf15Lc~pd9dpOqF~5bBekXWWbkMvaaM2A08DIlFTKwmq3hwdDurcNonfT114qRy-_B8qrEkXi_7BiIwxUP1u.6-K6enOBmpt4g9Dg21TmJnxEXW.F-uRjZCDYZqfDJTyfXi6HctorsO9qSPFJVQm32LdWRqM4Mrc2I8Om20LFwIg2PrycW0Z0B5kNySF5ZaokHFGTEY4_Ea0tcYUQOhDh137on5~21mdx45sRjU-GBGmaWfrnZAPlHJY6EIjyBcD9~ZswjW8TBp_qMW~_JPMGVOvrT8xYW.7lkutO9J8ryLWR3f5osq6c4KM24mg2t3MbO8OkB5Nzy.N1_W7Dd_1l93PwiBb6FUwAs~EqyjoUTMod3eIj2wrXJwkhk8YzTaPIar4wMS7dZgdfR.PI24QlhyFPKmcJtAzHuZKfVVq2Rot9oeUiVM.JWrOAiuDhDdcraNbNAT40ClY~3Cwcw8ooPiJ'), ('ROS_DISTRO', 'humble'), ('LOGNAME', 'nimai'), ('MATLAB_MEM_MGR_VALUE', ''), ('ROS_WS_SETUP', '/opt/ros/humble/setup.bash'), ('SNAP_CONTEXT', 'dweeeN9gGlfCbhmsGyC6Kvhu3YkLnoaHvJ1HEDWbVqxLLZU8TS8U'), ('JOURNAL_STREAM', '8:31781'), ('_', '/home/nimai/.matlab/R2024a/ros2/glnxa64/venv/bin/colcon'), ('ROS_VERSION', '2'), ('XDG_CONFIG_DIRS_VSCODE_SNAP_ORIG', '/etc/xdg/xdg-ubuntu:/etc/xdg'), ('PKG_CONFIG_PATH', '/usr/local/MATLAB/R2024a/sys/ros2/glnxa64/ros2/lib/pkgconfig'), ('XDG_SESSION_CLASS', 'user'), ('SNAP_VERSION', 'e170252f'), ('XDG_DATA_DIRS_VSCODE_SNAP_ORIG', '/usr/share/ubuntu:/usr/local/share/:/usr/share/:/var/lib/snapd/desktop'), ('USERNAME', 'nimai'), ('TERM', 'xterm-256color'), ('GNOME_DESKTOP_SESSION_ID', 'this-is-deprecated'), ('SNAP_INSTANCE_NAME', 'code'), ('ROS_LOCALHOST_ONLY', '0'), ('AUV7_IP', '192.168.0.11'), ('AUV8_IP', '192.168.0.31'), ('PATH', '/usr/local/MATLAB/R2024a/bin/glnxa64/cmake/bin::/usr/local/MATLAB/R2024a/sys/ros2/glnxa64/ros2/bin:/home/nimai/.matlab/R2024a/ros2/glnxa64/venv/bin:/home/nimai/.matlab/R2024a/ros2/glnxa64/venv/bin:/usr/local/MATLAB/R2024a/toolbox/shared/coder/ninja/glnxa64:/home/nimai/ros2_sonia_ws/install/behaviortree_cpp/bin:/opt/ros/humble/bin:/usr/local/sbin:/usr/local/bin:/usr/sbin:/usr/bin:/sbin:/bin:/usr/games:/usr/local/games:/snap/bin:/snap/bin'), ('SESSION_MANAGER', 'local/nimai-specter:@/tmp/.ICE-unix/1080,unix/nimai-specter:/tmp/.ICE-unix/1080'), ('VSCODE_AMD_ENTRYPOINT', 'vs/workbench/api/node/extensionHostProcess'), ('GTK_EXE_PREFIX', '/snap/code/157/usr'), ('INVOCATION_ID', '787a178defe64be4829b4ac2d045d1d9'), ('XDG_MENU_PREFIX', 'gnome-'), ('GNOME_SETUP_DISPLAY', ':1'), ('SNAP_DATA', '/var/snap/code/157'), ('XDG_RUNTIME_DIR', '/run/user/1000'), ('GDK_BACKEND', 'x11'), ('TOOLBOX', '/usr/local/MATLAB/R2024a/toolbox'), ('MKL_DOMAIN_NUM_THREADS', ''), ('KMP_INIT_AT_FORK', 'false'), ('DISPLAY', ':0'), ('LOCPATH', '/snap/code/157/usr/lib/locale'), ('TERMINATOR_DBUS_PATH', '/net/tenshu/Terminator2'), ('LD_PRELOAD', ''), ('LANG', 'en_CA.UTF-8'), ('XDG_CURRENT_DESKTOP', 'Unity'), ('PRE_LD_PRELOAD', ''), ('IBUS_DISABLE_SNOOPER', '1'), ('VIRTUAL_ENV_PROMPT', '(venv)'), ('XMODIFIERS', '@im=ibus'), ('XDG_SESSION_DESKTOP', 'ubuntu'), ('XAUTHORITY', '/run/user/1000/.mutter-Xwaylandauth.GC2JM2'), ('LS_COLORS', 'rs=0:di=01;34:ln=01;36:mh=00:pi=40;33:so=01;35:do=01;35:bd=40;33;01:cd=40;33;01:or=40;31;01:mi=00:su=37;41:sg=30;43:ca=30;41:tw=30;42:ow=34;42:st=37;44:ex=01;32:*.tar=01;31:*.tgz=01;31:*.arc=01;31:*.arj=01;31:*.taz=01;31:*.lha=01;31:*.lz4=01;31:*.lzh=01;31:*.lzma=01;31:*.tlz=01;31:*.txz=01;31:*.tzo=01;31:*.t7z=01;31:*.zip=01;31:*.z=01;31:*.dz=01;31:*.gz=01;31:*.lrz=01;31:*.lz=01;31:*.lzo=01;31:*.xz=01;31:*.zst=01;31:*.tzst=01;31:*.bz2=01;31:*.bz=01;31:*.tbz=01;31:*.tbz2=01;31:*.tz=01;31:*.deb=01;31:*.rpm=01;31:*.jar=01;31:*.war=01;31:*.ear=01;31:*.sar=01;31:*.rar=01;31:*.alz=01;31:*.ace=01;31:*.zoo=01;31:*.cpio=01;31:*.7z=01;31:*.rz=01;31:*.cab=01;31:*.wim=01;31:*.swm=01;31:*.dwm=01;31:*.esd=01;31:*.jpg=01;35:*.jpeg=01;35:*.mjpg=01;35:*.mjpeg=01;35:*.gif=01;35:*.bmp=01;35:*.pbm=01;35:*.pgm=01;35:*.ppm=01;35:*.tga=01;35:*.xbm=01;35:*.xpm=01;35:*.tif=01;35:*.tiff=01;35:*.png=01;35:*.svg=01;35:*.svgz=01;35:*.mng=01;35:*.pcx=01;35:*.mov=01;35:*.mpg=01;35:*.mpeg=01;35:*.m2v=01;35:*.mkv=01;35:*.webm=01;35:*.webp=01;35:*.ogm=01;35:*.mp4=01;35:*.m4v=01;35:*.mp4v=01;35:*.vob=01;35:*.qt=01;35:*.nuv=01;35:*.wmv=01;35:*.asf=01;35:*.rm=01;35:*.rmvb=01;35:*.flc=01;35:*.avi=01;35:*.fli=01;35:*.flv=01;35:*.gl=01;35:*.dl=01;35:*.xcf=01;35:*.xwd=01;35:*.yuv=01;35:*.cgm=01;35:*.emf=01;35:*.ogv=01;35:*.ogx=01;35:*.aac=00;36:*.au=00;36:*.flac=00;36:*.m4a=00;36:*.mid=00;36:*.midi=00;36:*.mka=00;36:*.mp3=00;36:*.mpc=00;36:*.ogg=00;36:*.ra=00;36:*.wav=00;36:*.oga=00;36:*.opus=00;36:*.spx=00;36:*.xspf=00;36:'), ('SSH_AGENT_LAUNCHER', 'gnome-keyring'), ('SNAP_USER_COMMON', '/home/nimai/snap/code/common'), ('SSH_AUTH_SOCK', '/run/user/1000/keyring/ssh'), ('GSETTINGS_SCHEMA_DIR', '/home/nimai/snap/code/157/.local/share/glib-2.0/schemas'), ('SNAP_ARCH', 'amd64'), ('AMENT_PREFIX_PATH', '/home/nimai/ros2_sonia_ws/src/sonia_common_ros2/matlab_msg_gen/glnxa64/install:/usr/local/MATLAB/R2024a/sys/ros2/glnxa64/ros2:/usr/local/MATLAB/R2024a/sys/ros2/glnxa64/ros2'), ('SNAP_COOKIE', 'dweeeN9gGlfCbhmsGyC6Kvhu3YkLnoaHvJ1HEDWbVqxLLZU8TS8U'), ('ORIGINAL_XDG_CURRENT_DESKTOP', 'ubuntu:GNOME'), ('SHELL', '/bin/bash'), ('TERMINATOR_UUID', 'urn:uuid:243c8e21-9628-4c21-b20d-d0ef680b4e92'), ('CMAKE_PATH', '/usr/local/MATLAB/R2024a/bin/glnxa64/cmake/bin'), ('GDK_PIXBUF_MODULEDIR', '/snap/code/157/usr/lib/x86_64-linux-gnu/gdk-pixbuf-2.0/2.10.0/loaders'), ('XFILESEARCHPATH', '/usr/local/MATLAB/R2024a/sys/java/jre/glnxa64/jre/lib/locale/%L/%T/%N%S:'), ('QT_ACCESSIBILITY', '1'), ('ELECTRON_RUN_AS_NODE', '1'), ('NO_AT_BRIDGE', '1'), ('ROS_MASTER_URI', 'http://localhost:11311/'), ('GDMSESSION', 'ubuntu'), ('LESSCLOSE', '/usr/bin/lesspipe %s %s'), ('SNAP_NAME', 'code'), ('OSG_LD_LIBRARY_PATH', '/usr/local/MATLAB/R2024a/sys/openscenegraph/lib/glnxa64'), ('GDK_PIXBUF_MODULE_FILE', '/home/nimai/snap/code/common/.cache/gdk-pixbuf-loaders.cache'), ('VIRTUAL_ENV', '/home/nimai/.matlab/R2024a/ros2/glnxa64/venv'), ('SNAP_LAUNCHER_ARCH_TRIPLET', 'x86_64-linux-gnu'), ('CUSTOM_PATH', ''), ('KMP_STACKSIZE', '512k'), ('QT_IM_MODULE', 'ibus'), ('ROS_SONIA_WS', '/home/nimai/ros2_sonia_ws'), ('PWD', '/home/nimai/ros2_sonia_ws/src/sonia_common_ros2/matlab_msg_gen/glnxa64/build/sonia_common_ros2'), ('VSCODE_CLI', '1'), ('XDG_CONFIG_DIRS', '/etc/xdg/xdg-ubuntu:/etc/xdg'), ('SNAP_REAL_HOME', '/home/nimai'), ('VSCODE_CODE_CACHE_PATH', '/home/nimai/.config/Code/CachedData/e170252f762678dec6ca2cc69aba1570769a5d39'), ('DYLD_LIBRARY_PATH', ':/usr/local/MATLAB/R2024a/sys/ros2/glnxa64/ros2/lib:'), ('XDG_DATA_DIRS', '/home/nimai/snap/code/157/.local/share:/home/nimai/snap/code/157:/snap/code/157/usr/share:/usr/share/ubuntu:/usr/local/share/:/usr/share/:/var/lib/snapd/desktop'), ('MKL_NUM_THREADS', ''), ('MW_PATCH_OFFSETS', '0000117000002EA0'), ('SNAP_EUID', '1000'), ('PYTHONPATH', ':/usr/local/MATLAB/R2024a/sys/ros2/glnxa64/ros2/lib/python3.9/site-packages:/home/nimai/.matlab/R2024a/ros2/glnxa64/venv/lib/python3.10/site-packages:/home/nimai/ros2_sonia_ws/install/sonia_common_ros2/local/lib/python3.10/dist-packages:/home/nimai/ros2_sonia_ws/install/sonia_common_py/lib/python3.10/site-packages:/home/nimai/ros2_sonia_ws/install/rqt_toolbar/lib/python3.10/site-packages:/home/nimai/ros2_sonia_ws/install/rqt_actuator/lib/python3.10/site-packages:/home/nimai/ros2_sonia_ws/install/btcpp_ros2_interfaces/local/lib/python3.10/dist-packages:/opt/ros/humble/lib/python3.10/site-packages:/opt/ros/humble/local/lib/python3.10/dist-packages'), ('SNAP', '/snap/code/157'), ('LC_NUMERIC', 'C'), ('COLCON', '1'), ('VTE_VERSION', '6800'), ('ROS_HOME', '/home/nimai/ros2_sonia_ws'), ('ELECTRON_NO_ATTACH_CONSOLE', '1'), ('CMAKE_PREFIX_PATH', '/home/nimai/ros2_sonia_ws/src/sonia_common_ros2/matlab_msg_gen/glnxa64/install:/usr/local/MATLAB/R2024a/sys/ros2/glnxa64/ros2:/usr/local/MATLAB/R2024a/sys/ros2/glnxa64/ros2'), ('VSCODE_PID', '35874')]), 'shell': False}
[0.049520] (sonia_common_ros2) StdoutLine: {'line': b'\n'}
[0.049681] (sonia_common_ros2) StdoutLine: {'line': b'[0/1] Re-running CMake...\x1b[K\n'}
[0.064184] (sonia_common_ros2) StdoutLine: {'line': b'-- Found ament_cmake: 1.3.3 (/usr/local/MATLAB/R2024a/sys/ros2/glnxa64/ros2/share/ament_cmake/cmake)\n'}
[0.099411] (-) TimerEvent: {}
[0.181657] (sonia_common_ros2) StdoutLine: {'line': b'-- Found ament_cmake_ros: 0.10.0 (/usr/local/MATLAB/R2024a/sys/ros2/glnxa64/ros2/share/ament_cmake_ros/cmake)\n'}
[0.187498] (sonia_common_ros2) StdoutLine: {'line': b'-- Found rosidl_typesupport_c: 2.0.0 (/usr/local/MATLAB/R2024a/sys/ros2/glnxa64/ros2/share/rosidl_typesupport_c/cmake)\n'}
[0.188575] (sonia_common_ros2) StdoutLine: {'line': b'-- Using all available rosidl_typesupport_c: rosidl_typesupport_fastrtps_c;rosidl_typesupport_introspection_c\n'}
[0.196160] (sonia_common_ros2) StdoutLine: {'line': b'-- Found rosidl_adapter: 3.1.4 (/usr/local/MATLAB/R2024a/sys/ros2/glnxa64/ros2/share/rosidl_adapter/cmake)\n'}
[0.199490] (-) TimerEvent: {}
[0.262588] (sonia_common_ros2) StdoutLine: {'line': b'-- Found rosidl_typesupport_cpp: 2.0.0 (/usr/local/MATLAB/R2024a/sys/ros2/glnxa64/ros2/share/rosidl_typesupport_cpp/cmake)\n'}
[0.263432] (sonia_common_ros2) StdoutLine: {'line': b'-- Using all available rosidl_typesupport_cpp: rosidl_typesupport_fastrtps_cpp;rosidl_typesupport_introspection_cpp\n'}
[0.299593] (-) TimerEvent: {}
[0.299970] (sonia_common_ros2) StdoutLine: {'line': b'-- Found rosidl_default_generators: 1.2.0 (/usr/local/MATLAB/R2024a/sys/ros2/glnxa64/ros2/share/rosidl_default_generators/cmake)\n'}
[0.304259] (sonia_common_ros2) StdoutLine: {'line': b'-- Found builtin_interfaces: 1.2.1 (/usr/local/MATLAB/R2024a/sys/ros2/glnxa64/ros2/share/builtin_interfaces/cmake)\n'}
[0.330856] (sonia_common_ros2) StdoutLine: {'line': b'-- Found class_loader: 2.2.0 (/usr/local/MATLAB/R2024a/sys/ros2/glnxa64/ros2/share/class_loader/cmake)\n'}
[0.337115] (sonia_common_ros2) StdoutLine: {'line': b'-- Found geometry_msgs: 4.2.3 (/usr/local/MATLAB/R2024a/sys/ros2/glnxa64/ros2/share/geometry_msgs/cmake)\n'}
[0.399686] (-) TimerEvent: {}
[0.448611] (sonia_common_ros2) StdoutLine: {'line': b'-- Found rclcpp: 16.0.5 (/usr/local/MATLAB/R2024a/sys/ros2/glnxa64/ros2/share/rclcpp/cmake)\n'}
[0.499785] (-) TimerEvent: {}
[0.512474] (sonia_common_ros2) StdoutLine: {'line': b'-- Found rmw_implementation_cmake: 6.1.1 (/usr/local/MATLAB/R2024a/sys/ros2/glnxa64/ros2/share/rmw_implementation_cmake/cmake)\n'}
[0.515266] (sonia_common_ros2) StdoutLine: {'line': b'-- Found rmw_fastrtps_cpp: 6.2.2 (/usr/local/MATLAB/R2024a/sys/ros2/glnxa64/ros2/share/rmw_fastrtps_cpp/cmake)\n'}
[0.599883] (-) TimerEvent: {}
[0.631881] (sonia_common_ros2) StdoutLine: {'line': b"-- Using RMW implementation 'rmw_fastrtps_cpp' as default\n"}
[0.699982] (-) TimerEvent: {}
[0.800264] (-) TimerEvent: {}
[0.900482] (-) TimerEvent: {}
[1.000699] (-) TimerEvent: {}
[1.100921] (-) TimerEvent: {}
[1.201155] (-) TimerEvent: {}
[1.301427] (-) TimerEvent: {}
[1.322195] (sonia_common_ros2) StdoutLine: {'line': b'-- Using all available rosidl_typesupport_c: rosidl_typesupport_fastrtps_c;rosidl_typesupport_introspection_c\n'}
[1.401523] (-) TimerEvent: {}
[1.501803] (-) TimerEvent: {}
[1.602091] (-) TimerEvent: {}
[1.616488] (sonia_common_ros2) StdoutLine: {'line': b'-- Using all available rosidl_typesupport_cpp: rosidl_typesupport_fastrtps_cpp;rosidl_typesupport_introspection_cpp\n'}
[1.635648] (sonia_common_ros2) StdoutLine: {'line': b'-- Configuring done\n'}
[1.688789] (sonia_common_ros2) StdoutLine: {'line': b'-- Generating done\n'}
[1.698659] (sonia_common_ros2) StdoutLine: {'line': b'-- Build files have been written to: /home/nimai/ros2_sonia_ws/src/sonia_common_ros2/matlab_msg_gen/glnxa64/build/sonia_common_ros2\n'}
[1.702178] (-) TimerEvent: {}
[1.726987] (sonia_common_ros2) StdoutLine: {'line': b'\n'}
[1.727529] (sonia_common_ros2) StdoutLine: {'line': b'[0/88] Generating C code for ROS interfaces\x1b[K\n'}
[1.802271] (-) TimerEvent: {}
[1.902505] (-) TimerEvent: {}
[2.002743] (-) TimerEvent: {}
[2.102987] (-) TimerEvent: {}
[2.203232] (-) TimerEvent: {}
[2.303472] (-) TimerEvent: {}
[2.403707] (-) TimerEvent: {}
[2.458707] (sonia_common_ros2) StdoutLine: {'line': b'[0/88] Generating C++ code for ROS interfaces\x1b[K\n'}
[2.459206] (sonia_common_ros2) StdoutLine: {'line': b'[1/88] Generating C++ code for ROS interfaces\x1b[K\n'}
[2.459457] (sonia_common_ros2) StdoutLine: {'line': b'[1/88] Generating C++ type support dispatch for ROS interfaces\x1b[K\n'}
[2.459877] (sonia_common_ros2) StdoutLine: {'line': b'[1/88] Generating C++ type support for eProsima Fast-RTPS\x1b[K\n'}
[2.503812] (-) TimerEvent: {}
[2.504395] (sonia_common_ros2) StdoutLine: {'line': b'[1/88] Generating C++ introspection for ROS interfaces\x1b[K\n'}
[2.505342] (sonia_common_ros2) StdoutLine: {'line': b'[2/88] Generating C code for ROS interfaces\x1b[K\n'}
[2.505692] (sonia_common_ros2) StdoutLine: {'line': b'[2/88] Building C object CMakeFiles/sonia_common_ros2__rosidl_generator_c.dir/rosidl_generator_c/sonia_common_ros2/msg/detail/kill_status__functions.c.o\x1b[K\n'}
[2.506219] (sonia_common_ros2) StdoutLine: {'line': b'[2/88] Building C object CMakeFiles/sonia_common_ros2__rosidl_generator_c.dir/rosidl_generator_c/sonia_common_ros2/msg/detail/mission_status__functions.c.o\x1b[K\n'}
[2.508431] (sonia_common_ros2) StdoutLine: {'line': b'[2/88] Building C object CMakeFiles/sonia_common_ros2__rosidl_generator_c.dir/rosidl_generator_c/sonia_common_ros2/msg/detail/pose__functions.c.o\x1b[K\n'}
[2.510712] (sonia_common_ros2) StdoutLine: {'line': b'[2/88] Building C object CMakeFiles/sonia_common_ros2__rosidl_generator_c.dir/rosidl_generator_c/sonia_common_ros2/msg/detail/pose_array__functions.c.o\x1b[K\n'}
[2.603914] (-) TimerEvent: {}
[2.658365] (sonia_common_ros2) StdoutLine: {'line': b'[2/88] Building C object CMakeFiles/sonia_common_ros2__rosidl_generator_c.dir/rosidl_generator_c/sonia_common_ros2/msg/detail/serial_message__functions.c.o\x1b[K\n'}
[2.658666] (sonia_common_ros2) StdoutLine: {'line': b'[3/88] Building C object CMakeFiles/sonia_common_ros2__rosidl_generator_c.dir/rosidl_generator_c/sonia_common_ros2/msg/detail/mission_status__functions.c.o\x1b[K\n'}
[2.665539] (sonia_common_ros2) StdoutLine: {'line': b'[3/88] Building C object CMakeFiles/sonia_common_ros2__rosidl_generator_c.dir/rosidl_generator_c/sonia_common_ros2/srv/detail/dropper_service__functions.c.o\x1b[K\n'}
[2.665866] (sonia_common_ros2) StdoutLine: {'line': b'[4/88] Building C object CMakeFiles/sonia_common_ros2__rosidl_generator_c.dir/rosidl_generator_c/sonia_common_ros2/msg/detail/kill_status__functions.c.o\x1b[K\n'}
[2.685390] (sonia_common_ros2) StdoutLine: {'line': b'[4/88] Building C object CMakeFiles/sonia_common_ros2__rosidl_generator_c.dir/rosidl_generator_c/sonia_common_ros2/srv/detail/serial_service__functions.c.o\x1b[K\n'}
[2.685660] (sonia_common_ros2) StdoutLine: {'line': b'[5/88] Building C object CMakeFiles/sonia_common_ros2__rosidl_generator_c.dir/rosidl_generator_c/sonia_common_ros2/msg/detail/pose_array__functions.c.o\x1b[K\n'}
[2.692532] (sonia_common_ros2) StdoutLine: {'line': b'[5/88] Building C object CMakeFiles/sonia_common_ros2__rosidl_generator_c.dir/rosidl_generator_c/sonia_common_ros2/msg/detail/obstacle_array__functions.c.o\x1b[K\n'}
[2.692822] (sonia_common_ros2) StdoutLine: {'line': b'[6/88] Building C object CMakeFiles/sonia_common_ros2__rosidl_generator_c.dir/rosidl_generator_c/sonia_common_ros2/msg/detail/pose__functions.c.o\x1b[K\n'}
[2.704015] (-) TimerEvent: {}
[2.736191] (sonia_common_ros2) StdoutLine: {'line': b'[6/88] Building C object CMakeFiles/sonia_common_ros2__rosidl_generator_c.dir/rosidl_generator_c/sonia_common_ros2/msg/detail/obstacle_info__functions.c.o\x1b[K\n'}
[2.804120] (-) TimerEvent: {}
[2.869423] (sonia_common_ros2) StdoutLine: {'line': b'[7/88] Building C object CMakeFiles/sonia_common_ros2__rosidl_generator_c.dir/rosidl_generator_c/sonia_common_ros2/msg/detail/serial_message__functions.c.o\x1b[K\n'}
[2.873002] (sonia_common_ros2) StdoutLine: {'line': b'[8/88] Building C object CMakeFiles/sonia_common_ros2__rosidl_generator_c.dir/rosidl_generator_c/sonia_common_ros2/msg/detail/obstacle_info__functions.c.o\x1b[K\n'}
[2.882856] (sonia_common_ros2) StdoutLine: {'line': b'[9/88] Building C object CMakeFiles/sonia_common_ros2__rosidl_generator_c.dir/rosidl_generator_c/sonia_common_ros2/msg/detail/obstacle_array__functions.c.o\x1b[K\n'}
[2.904216] (-) TimerEvent: {}
[2.920717] (sonia_common_ros2) StdoutLine: {'line': b'[10/88] Building C object CMakeFiles/sonia_common_ros2__rosidl_generator_c.dir/rosidl_generator_c/sonia_common_ros2/srv/detail/dropper_service__functions.c.o\x1b[K\n'}
[2.921037] (sonia_common_ros2) StdoutLine: {'line': b'[11/88] Building C object CMakeFiles/sonia_common_ros2__rosidl_generator_c.dir/rosidl_generator_c/sonia_common_ros2/srv/detail/serial_service__functions.c.o\x1b[K\n'}
[2.951162] (sonia_common_ros2) StdoutLine: {'line': b'[11/88] Linking C shared library libsonia_common_ros2__rosidl_generator_c.so\x1b[K\n'}
[2.951375] (sonia_common_ros2) StdoutLine: {'line': b'[12/88] Linking C shared library libsonia_common_ros2__rosidl_generator_c.so\x1b[K\n'}
[2.951550] (sonia_common_ros2) StdoutLine: {'line': b'[12/88] Generating C type support dispatch for ROS interfaces\x1b[K\n'}
[2.952070] (sonia_common_ros2) StdoutLine: {'line': b'[12/88] Generating C introspection for ROS interfaces\x1b[K\n'}
[3.004320] (-) TimerEvent: {}
[3.104679] (-) TimerEvent: {}
[3.205024] (-) TimerEvent: {}
[3.305352] (-) TimerEvent: {}
[3.405712] (-) TimerEvent: {}
[3.477523] (sonia_common_ros2) StdoutLine: {'line': b'[12/88] Generating C type support for eProsima Fast-RTPS\x1b[K\n'}
[3.478305] (sonia_common_ros2) StdoutLine: {'line': b'[13/88] Generating C++ type support dispatch for ROS interfaces\x1b[K\n'}
[3.478552] (sonia_common_ros2) StdoutLine: {'line': b'[13/88] Building CXX object CMakeFiles/sonia_common_ros2__rosidl_typesupport_cpp.dir/rosidl_typesupport_cpp/sonia_common_ros2/msg/kill_status__type_support.cpp.o\x1b[K\n'}
[3.481759] (sonia_common_ros2) StdoutLine: {'line': b'[13/88] Building CXX object CMakeFiles/sonia_common_ros2__rosidl_typesupport_cpp.dir/rosidl_typesupport_cpp/sonia_common_ros2/msg/mission_status__type_support.cpp.o\x1b[K\n'}
[3.505806] (-) TimerEvent: {}
[3.606156] (-) TimerEvent: {}
[3.706734] (-) TimerEvent: {}
[3.807268] (-) TimerEvent: {}
[3.813175] (sonia_common_ros2) StdoutLine: {'line': b'[13/88] Building CXX object CMakeFiles/sonia_common_ros2__rosidl_typesupport_cpp.dir/rosidl_typesupport_cpp/sonia_common_ros2/msg/obstacle_info__type_support.cpp.o\x1b[K\n'}
[3.815450] (sonia_common_ros2) StdoutLine: {'line': b'[14/88] Generating C++ introspection for ROS interfaces\x1b[K\n'}
[3.909311] (-) TimerEvent: {}
[4.003958] (sonia_common_ros2) StdoutLine: {'line': b'[14/88] Building CXX object CMakeFiles/sonia_common_ros2__rosidl_typesupport_introspection_cpp.dir/rosidl_typesupport_introspection_cpp/sonia_common_ros2/msg/detail/kill_status__type_support.cpp.o\x1b[K\n'}
[4.005728] (sonia_common_ros2) StdoutLine: {'line': b'[15/88] Generating C type support dispatch for ROS interfaces\x1b[K\n'}
[4.005891] (sonia_common_ros2) StdoutLine: {'line': b'[15/88] Building CXX object CMakeFiles/sonia_common_ros2__rosidl_typesupport_c.dir/rosidl_typesupport_c/sonia_common_ros2/msg/kill_status__type_support.cpp.o\x1b[K\n'}
[4.006021] (sonia_common_ros2) StdoutLine: {'line': b'[16/88] Building CXX object CMakeFiles/sonia_common_ros2__rosidl_typesupport_cpp.dir/rosidl_typesupport_cpp/sonia_common_ros2/msg/kill_status__type_support.cpp.o\x1b[K\n'}
[4.012097] (-) TimerEvent: {}
[4.025891] (sonia_common_ros2) StdoutLine: {'line': b'[16/88] Building CXX object CMakeFiles/sonia_common_ros2__rosidl_typesupport_c.dir/rosidl_typesupport_c/sonia_common_ros2/msg/mission_status__type_support.cpp.o\x1b[K\n'}
[4.028867] (sonia_common_ros2) StdoutLine: {'line': b'[17/88] Building CXX object CMakeFiles/sonia_common_ros2__rosidl_typesupport_cpp.dir/rosidl_typesupport_cpp/sonia_common_ros2/msg/obstacle_info__type_support.cpp.o\x1b[K\n'}
[4.061474] (sonia_common_ros2) StdoutLine: {'line': b'[17/88] Building CXX object CMakeFiles/sonia_common_ros2__rosidl_typesupport_c.dir/rosidl_typesupport_c/sonia_common_ros2/msg/obstacle_array__type_support.cpp.o\x1b[K\n'}
[4.061907] (sonia_common_ros2) StdoutLine: {'line': b'[18/88] Building CXX object CMakeFiles/sonia_common_ros2__rosidl_typesupport_c.dir/rosidl_typesupport_c/sonia_common_ros2/msg/kill_status__type_support.cpp.o\x1b[K\n'}
[4.069466] (sonia_common_ros2) StdoutLine: {'line': b'[18/88] Building CXX object CMakeFiles/sonia_common_ros2__rosidl_typesupport_c.dir/rosidl_typesupport_c/sonia_common_ros2/msg/obstacle_info__type_support.cpp.o\x1b[K\n'}
[4.069734] (sonia_common_ros2) StdoutLine: {'line': b'[19/88] Building CXX object CMakeFiles/sonia_common_ros2__rosidl_typesupport_cpp.dir/rosidl_typesupport_cpp/sonia_common_ros2/msg/mission_status__type_support.cpp.o\x1b[K\n'}
[4.080822] (sonia_common_ros2) StdoutLine: {'line': b'[19/88] Building CXX object CMakeFiles/sonia_common_ros2__rosidl_typesupport_c.dir/rosidl_typesupport_c/sonia_common_ros2/msg/pose__type_support.cpp.o\x1b[K\n'}
[4.081199] (sonia_common_ros2) StdoutLine: {'line': b'[20/88] Generating C introspection for ROS interfaces\x1b[K\n'}
[4.096205] (sonia_common_ros2) StdoutLine: {'line': b'[20/88] Building C object CMakeFiles/sonia_common_ros2__rosidl_typesupport_introspection_c.dir/rosidl_typesupport_introspection_c/sonia_common_ros2/msg/detail/kill_status__type_support.c.o\x1b[K\n'}
[4.096638] (sonia_common_ros2) StdoutLine: {'line': b'[21/88] Generating C++ type support for eProsima Fast-RTPS\x1b[K\n'}
[4.106325] (sonia_common_ros2) StdoutLine: {'line': b'[21/88] Building CXX object CMakeFiles/sonia_common_ros2__rosidl_typesupport_fastrtps_cpp.dir/rosidl_typesupport_fastrtps_cpp/sonia_common_ros2/msg/detail/dds_fastrtps/obstacle_array__type_support.cpp.o\x1b[K\n'}
[4.106642] (sonia_common_ros2) StdoutLine: {'line': b'[22/88] Building CXX object CMakeFiles/sonia_common_ros2__rosidl_typesupport_c.dir/rosidl_typesupport_c/sonia_common_ros2/msg/mission_status__type_support.cpp.o\x1b[K\n'}
[4.112195] (-) TimerEvent: {}
[4.115193] (sonia_common_ros2) StdoutLine: {'line': b'[22/88] Building C object CMakeFiles/sonia_common_ros2__rosidl_typesupport_introspection_c.dir/rosidl_typesupport_introspection_c/sonia_common_ros2/msg/detail/obstacle_array__type_support.c.o\x1b[K\n'}
[4.115471] (sonia_common_ros2) StdoutLine: {'line': b'[23/88] Building CXX object CMakeFiles/sonia_common_ros2__rosidl_typesupport_c.dir/rosidl_typesupport_c/sonia_common_ros2/msg/obstacle_array__type_support.cpp.o\x1b[K\n'}
[4.129260] (sonia_common_ros2) StdoutLine: {'line': b'[23/88] Building C object CMakeFiles/sonia_common_ros2__rosidl_typesupport_introspection_c.dir/rosidl_typesupport_introspection_c/sonia_common_ros2/msg/detail/mission_status__type_support.c.o\x1b[K\n'}
[4.129545] (sonia_common_ros2) StdoutLine: {'line': b'[24/88] Building CXX object CMakeFiles/sonia_common_ros2__rosidl_typesupport_c.dir/rosidl_typesupport_c/sonia_common_ros2/msg/obstacle_info__type_support.cpp.o\x1b[K\n'}
[4.140102] (sonia_common_ros2) StdoutLine: {'line': b'[24/88] Building C object CMakeFiles/sonia_common_ros2__rosidl_typesupport_introspection_c.dir/rosidl_typesupport_introspection_c/sonia_common_ros2/msg/detail/obstacle_info__type_support.c.o\x1b[K\n'}
[4.140359] (sonia_common_ros2) StdoutLine: {'line': b'[25/88] Building CXX object CMakeFiles/sonia_common_ros2__rosidl_typesupport_c.dir/rosidl_typesupport_c/sonia_common_ros2/msg/pose__type_support.cpp.o\x1b[K\n'}
[4.190097] (sonia_common_ros2) StdoutLine: {'line': b'[25/88] Building C object CMakeFiles/sonia_common_ros2__rosidl_typesupport_introspection_c.dir/rosidl_typesupport_introspection_c/sonia_common_ros2/msg/detail/pose__type_support.c.o\x1b[K\n'}
[4.190323] (sonia_common_ros2) StdoutLine: {'line': b'[26/88] Building C object CMakeFiles/sonia_common_ros2__rosidl_typesupport_introspection_c.dir/rosidl_typesupport_introspection_c/sonia_common_ros2/msg/detail/kill_status__type_support.c.o\x1b[K\n'}
[4.204375] (sonia_common_ros2) StdoutLine: {'line': b'[26/88] Building C object CMakeFiles/sonia_common_ros2__rosidl_typesupport_introspection_c.dir/rosidl_typesupport_introspection_c/sonia_common_ros2/msg/detail/pose_array__type_support.c.o\x1b[K\n'}
[4.204848] (sonia_common_ros2) StdoutLine: {'line': b'[27/88] Building C object CMakeFiles/sonia_common_ros2__rosidl_typesupport_introspection_c.dir/rosidl_typesupport_introspection_c/sonia_common_ros2/msg/detail/mission_status__type_support.c.o\x1b[K\n'}
[4.212296] (-) TimerEvent: {}
[4.228545] (sonia_common_ros2) StdoutLine: {'line': b'[27/88] Building C object CMakeFiles/sonia_common_ros2__rosidl_typesupport_introspection_c.dir/rosidl_typesupport_introspection_c/sonia_common_ros2/msg/detail/serial_message__type_support.c.o\x1b[K\n'}
[4.228772] (sonia_common_ros2) StdoutLine: {'line': b'[28/88] Building C object CMakeFiles/sonia_common_ros2__rosidl_typesupport_introspection_c.dir/rosidl_typesupport_introspection_c/sonia_common_ros2/msg/detail/obstacle_array__type_support.c.o\x1b[K\n'}
[4.241545] (sonia_common_ros2) StdoutLine: {'line': b'[28/88] Building C object CMakeFiles/sonia_common_ros2__rosidl_typesupport_introspection_c.dir/rosidl_typesupport_introspection_c/sonia_common_ros2/srv/detail/dropper_service__type_support.c.o\x1b[K\n'}
[4.243363] (sonia_common_ros2) StdoutLine: {'line': b'[29/88] Building C object CMakeFiles/sonia_common_ros2__rosidl_typesupport_introspection_c.dir/rosidl_typesupport_introspection_c/sonia_common_ros2/msg/detail/obstacle_info__type_support.c.o\x1b[K\n'}
[4.252474] (sonia_common_ros2) StdoutLine: {'line': b'[29/88] Building C object CMakeFiles/sonia_common_ros2__rosidl_typesupport_introspection_c.dir/rosidl_typesupport_introspection_c/sonia_common_ros2/srv/detail/serial_service__type_support.c.o\x1b[K\n'}
[4.252843] (sonia_common_ros2) StdoutLine: {'line': b'[30/88] Building C object CMakeFiles/sonia_common_ros2__rosidl_typesupport_introspection_c.dir/rosidl_typesupport_introspection_c/sonia_common_ros2/msg/detail/pose__type_support.c.o\x1b[K\n'}
[4.312399] (-) TimerEvent: {}
[4.324707] (sonia_common_ros2) StdoutLine: {'line': b'[30/88] Building CXX object CMakeFiles/sonia_common_ros2__rosidl_typesupport_c.dir/rosidl_typesupport_c/sonia_common_ros2/msg/pose_array__type_support.cpp.o\x1b[K\n'}
[4.325201] (sonia_common_ros2) StdoutLine: {'line': b'[31/88] Building CXX object CMakeFiles/sonia_common_ros2__rosidl_typesupport_c.dir/rosidl_typesupport_c/sonia_common_ros2/msg/pose_array__type_support.cpp.o\x1b[K\n'}
[4.329667] (sonia_common_ros2) StdoutLine: {'line': b'[31/88] Building CXX object CMakeFiles/sonia_common_ros2__rosidl_typesupport_c.dir/rosidl_typesupport_c/sonia_common_ros2/msg/serial_message__type_support.cpp.o\x1b[K\n'}
[4.329972] (sonia_common_ros2) StdoutLine: {'line': b'[32/88] Building C object CMakeFiles/sonia_common_ros2__rosidl_typesupport_introspection_c.dir/rosidl_typesupport_introspection_c/sonia_common_ros2/msg/detail/pose_array__type_support.c.o\x1b[K\n'}
[4.342165] (sonia_common_ros2) StdoutLine: {'line': b'[32/88] Building CXX object CMakeFiles/sonia_common_ros2__rosidl_typesupport_c.dir/rosidl_typesupport_c/sonia_common_ros2/srv/dropper_service__type_support.cpp.o\x1b[K\n'}
[4.342480] (sonia_common_ros2) StdoutLine: {'line': b'[33/88] Building C object CMakeFiles/sonia_common_ros2__rosidl_typesupport_introspection_c.dir/rosidl_typesupport_introspection_c/sonia_common_ros2/msg/detail/serial_message__type_support.c.o\x1b[K\n'}
[4.349087] (sonia_common_ros2) StdoutLine: {'line': b'[33/88] Building CXX object CMakeFiles/sonia_common_ros2__rosidl_typesupport_c.dir/rosidl_typesupport_c/sonia_common_ros2/srv/serial_service__type_support.cpp.o\x1b[K\n'}
[4.349367] (sonia_common_ros2) StdoutLine: {'line': b'[34/88] Building C object CMakeFiles/sonia_common_ros2__rosidl_typesupport_introspection_c.dir/rosidl_typesupport_introspection_c/sonia_common_ros2/srv/detail/dropper_service__type_support.c.o\x1b[K\n'}
[4.363161] (sonia_common_ros2) StdoutLine: {'line': b'[34/88] Building CXX object CMakeFiles/sonia_common_ros2__rosidl_typesupport_fastrtps_cpp.dir/rosidl_typesupport_fastrtps_cpp/sonia_common_ros2/msg/detail/dds_fastrtps/mission_status__type_support.cpp.o\x1b[K\n'}
[4.363499] (sonia_common_ros2) StdoutLine: {'line': b'[35/88] Building C object CMakeFiles/sonia_common_ros2__rosidl_typesupport_introspection_c.dir/rosidl_typesupport_introspection_c/sonia_common_ros2/srv/detail/serial_service__type_support.c.o\x1b[K\n'}
[4.397092] (sonia_common_ros2) StdoutLine: {'line': b'[35/88] Linking C shared library libsonia_common_ros2__rosidl_typesupport_introspection_c.so\x1b[K\n'}
[4.403370] (sonia_common_ros2) StdoutLine: {'line': b'[36/88] Building CXX object CMakeFiles/sonia_common_ros2__rosidl_typesupport_c.dir/rosidl_typesupport_c/sonia_common_ros2/msg/serial_message__type_support.cpp.o\x1b[K\n'}
[4.412515] (-) TimerEvent: {}
[4.413728] (sonia_common_ros2) StdoutLine: {'line': b'[36/88] Building CXX object CMakeFiles/sonia_common_ros2__rosidl_typesupport_fastrtps_cpp.dir/rosidl_typesupport_fastrtps_cpp/sonia_common_ros2/msg/detail/dds_fastrtps/kill_status__type_support.cpp.o\x1b[K\n'}
[4.413995] (sonia_common_ros2) StdoutLine: {'line': b'[37/88] Building CXX object CMakeFiles/sonia_common_ros2__rosidl_typesupport_c.dir/rosidl_typesupport_c/sonia_common_ros2/srv/dropper_service__type_support.cpp.o\x1b[K\n'}
[4.417202] (sonia_common_ros2) StdoutLine: {'line': b'[37/88] Building CXX object CMakeFiles/sonia_common_ros2__rosidl_typesupport_fastrtps_cpp.dir/rosidl_typesupport_fastrtps_cpp/sonia_common_ros2/msg/detail/dds_fastrtps/obstacle_info__type_support.cpp.o\x1b[K\n'}
[4.418985] (sonia_common_ros2) StdoutLine: {'line': b'[38/88] Building CXX object CMakeFiles/sonia_common_ros2__rosidl_typesupport_c.dir/rosidl_typesupport_c/sonia_common_ros2/srv/serial_service__type_support.cpp.o\x1b[K\n'}
[4.430766] (sonia_common_ros2) StdoutLine: {'line': b'[38/88] Linking CXX shared library libsonia_common_ros2__rosidl_typesupport_c.so\x1b[K\n'}
[4.431008] (sonia_common_ros2) StdoutLine: {'line': b'[39/88] Linking C shared library libsonia_common_ros2__rosidl_typesupport_introspection_c.so\x1b[K\n'}
[4.512632] (-) TimerEvent: {}
[4.529675] (sonia_common_ros2) StdoutLine: {'line': b'[39/88] Building CXX object CMakeFiles/sonia_common_ros2__rosidl_typesupport_fastrtps_cpp.dir/rosidl_typesupport_fastrtps_cpp/sonia_common_ros2/msg/detail/dds_fastrtps/pose__type_support.cpp.o\x1b[K\n'}
[4.531248] (sonia_common_ros2) StdoutLine: {'line': b'[40/88] Generating C type support for eProsima Fast-RTPS\x1b[K\n'}
[4.612739] (-) TimerEvent: {}
[4.710484] (sonia_common_ros2) StdoutLine: {'line': b'[40/88] Building CXX object CMakeFiles/sonia_common_ros2__rosidl_typesupport_fastrtps_c.dir/rosidl_typesupport_fastrtps_c/sonia_common_ros2/msg/detail/mission_status__type_support_c.cpp.o\x1b[K\n'}
[4.710737] (sonia_common_ros2) StdoutLine: {'line': b'[41/88] Linking CXX shared library libsonia_common_ros2__rosidl_typesupport_c.so\x1b[K\n'}
[4.712831] (-) TimerEvent: {}
[4.731532] (sonia_common_ros2) StdoutLine: {'line': b'[41/88] Building CXX object CMakeFiles/sonia_common_ros2__rosidl_typesupport_fastrtps_c.dir/rosidl_typesupport_fastrtps_c/sonia_common_ros2/msg/detail/kill_status__type_support_c.cpp.o\x1b[K\n'}
[4.731855] (sonia_common_ros2) StdoutLine: {'line': b'[42/88] Building CXX object CMakeFiles/sonia_common_ros2__rosidl_typesupport_introspection_cpp.dir/rosidl_typesupport_introspection_cpp/sonia_common_ros2/msg/detail/kill_status__type_support.cpp.o\x1b[K\n'}
[4.812947] (-) TimerEvent: {}
[4.913296] (-) TimerEvent: {}
[5.013901] (-) TimerEvent: {}
[5.106355] (sonia_common_ros2) StdoutLine: {'line': b'[42/88] Building CXX object CMakeFiles/sonia_common_ros2__rosidl_typesupport_fastrtps_c.dir/rosidl_typesupport_fastrtps_c/sonia_common_ros2/msg/detail/obstacle_info__type_support_c.cpp.o\x1b[K\n'}
[5.109688] (sonia_common_ros2) StdoutLine: {'line': b'[43/88] Building CXX object CMakeFiles/sonia_common_ros2__rosidl_typesupport_fastrtps_cpp.dir/rosidl_typesupport_fastrtps_cpp/sonia_common_ros2/msg/detail/dds_fastrtps/obstacle_array__type_support.cpp.o\x1b[K\n'}
[5.114002] (-) TimerEvent: {}
[5.214852] (-) TimerEvent: {}
[5.236564] (sonia_common_ros2) StdoutLine: {'line': b'[43/88] Building CXX object CMakeFiles/sonia_common_ros2__rosidl_typesupport_fastrtps_c.dir/rosidl_typesupport_fastrtps_c/sonia_common_ros2/msg/detail/obstacle_array__type_support_c.cpp.o\x1b[K\n'}
[5.236922] (sonia_common_ros2) StdoutLine: {'line': b'[44/88] Building CXX object CMakeFiles/sonia_common_ros2__rosidl_typesupport_fastrtps_cpp.dir/rosidl_typesupport_fastrtps_cpp/sonia_common_ros2/msg/detail/dds_fastrtps/obstacle_info__type_support.cpp.o\x1b[K\n'}
[5.257654] (sonia_common_ros2) StdoutLine: {'line': b'[44/88] Building CXX object CMakeFiles/sonia_common_ros2__rosidl_typesupport_fastrtps_c.dir/rosidl_typesupport_fastrtps_c/sonia_common_ros2/msg/detail/pose__type_support_c.cpp.o\x1b[K\n'}
[5.257930] (sonia_common_ros2) StdoutLine: {'line': b'[45/88] Building CXX object CMakeFiles/sonia_common_ros2__rosidl_typesupport_fastrtps_cpp.dir/rosidl_typesupport_fastrtps_cpp/sonia_common_ros2/msg/detail/dds_fastrtps/kill_status__type_support.cpp.o\x1b[K\n'}
[5.271019] (sonia_common_ros2) StdoutLine: {'line': b'[45/88] Building CXX object CMakeFiles/sonia_common_ros2__rosidl_typesupport_fastrtps_c.dir/rosidl_typesupport_fastrtps_c/sonia_common_ros2/msg/detail/serial_message__type_support_c.cpp.o\x1b[K\n'}
[5.271308] (sonia_common_ros2) StdoutLine: {'line': b'[46/88] Building CXX object CMakeFiles/sonia_common_ros2__rosidl_typesupport_fastrtps_cpp.dir/rosidl_typesupport_fastrtps_cpp/sonia_common_ros2/msg/detail/dds_fastrtps/mission_status__type_support.cpp.o\x1b[K\n'}
[5.275348] (sonia_common_ros2) StdoutLine: {'line': b'[46/88] Building CXX object CMakeFiles/sonia_common_ros2__rosidl_typesupport_fastrtps_c.dir/rosidl_typesupport_fastrtps_c/sonia_common_ros2/srv/detail/dropper_service__type_support_c.cpp.o\x1b[K\n'}
[5.275629] (sonia_common_ros2) StdoutLine: {'line': b'[47/88] Building CXX object CMakeFiles/sonia_common_ros2__rosidl_typesupport_fastrtps_c.dir/rosidl_typesupport_fastrtps_c/sonia_common_ros2/msg/detail/mission_status__type_support_c.cpp.o\x1b[K\n'}
[5.314967] (-) TimerEvent: {}
[5.376639] (sonia_common_ros2) StdoutLine: {'line': b'[47/88] Building CXX object CMakeFiles/sonia_common_ros2__rosidl_typesupport_fastrtps_c.dir/rosidl_typesupport_fastrtps_c/sonia_common_ros2/msg/detail/pose_array__type_support_c.cpp.o\x1b[K\n'}
[5.376924] (sonia_common_ros2) StdoutLine: {'line': b'[48/88] Building CXX object CMakeFiles/sonia_common_ros2__rosidl_typesupport_fastrtps_c.dir/rosidl_typesupport_fastrtps_c/sonia_common_ros2/msg/detail/kill_status__type_support_c.cpp.o\x1b[K\n'}
[5.415069] (-) TimerEvent: {}
[5.474689] (sonia_common_ros2) StdoutLine: {'line': b'[48/88] Building CXX object CMakeFiles/sonia_common_ros2__rosidl_typesupport_fastrtps_c.dir/rosidl_typesupport_fastrtps_c/sonia_common_ros2/srv/detail/serial_service__type_support_c.cpp.o\x1b[K\n'}
[5.476627] (sonia_common_ros2) StdoutLine: {'line': b'[49/88] Building CXX object CMakeFiles/sonia_common_ros2__rosidl_typesupport_fastrtps_cpp.dir/rosidl_typesupport_fastrtps_cpp/sonia_common_ros2/msg/detail/dds_fastrtps/pose__type_support.cpp.o\x1b[K\n'}
[5.515172] (-) TimerEvent: {}
[5.520743] (sonia_common_ros2) StdoutLine: {'line': b'[49/88] Building CXX object CMakeFiles/sonia_common_ros2__rosidl_typesupport_fastrtps_cpp.dir/rosidl_typesupport_fastrtps_cpp/sonia_common_ros2/msg/detail/dds_fastrtps/pose_array__type_support.cpp.o\x1b[K\n'}
[5.521154] (sonia_common_ros2) StdoutLine: {'line': b'[50/88] Building CXX object CMakeFiles/sonia_common_ros2__rosidl_typesupport_fastrtps_c.dir/rosidl_typesupport_fastrtps_c/sonia_common_ros2/msg/detail/obstacle_info__type_support_c.cpp.o\x1b[K\n'}
[5.615278] (-) TimerEvent: {}
[5.715645] (-) TimerEvent: {}
[5.816262] (-) TimerEvent: {}
[5.917115] (-) TimerEvent: {}
[5.926714] (sonia_common_ros2) StdoutLine: {'line': b'[50/88] Building CXX object CMakeFiles/sonia_common_ros2__rosidl_typesupport_fastrtps_cpp.dir/rosidl_typesupport_fastrtps_cpp/sonia_common_ros2/msg/detail/dds_fastrtps/serial_message__type_support.cpp.o\x1b[K\n'}
[5.927100] (sonia_common_ros2) StdoutLine: {'line': b'[51/88] Building CXX object CMakeFiles/sonia_common_ros2__rosidl_typesupport_fastrtps_c.dir/rosidl_typesupport_fastrtps_c/sonia_common_ros2/msg/detail/obstacle_array__type_support_c.cpp.o\x1b[K\n'}
[5.999742] (sonia_common_ros2) StdoutLine: {'line': b'[51/88] Building CXX object CMakeFiles/sonia_common_ros2__rosidl_typesupport_fastrtps_cpp.dir/rosidl_typesupport_fastrtps_cpp/sonia_common_ros2/srv/detail/dds_fastrtps/dropper_service__type_support.cpp.o\x1b[K\n'}
[6.000147] (sonia_common_ros2) StdoutLine: {'line': b'[52/88] Building CXX object CMakeFiles/sonia_common_ros2__rosidl_typesupport_fastrtps_c.dir/rosidl_typesupport_fastrtps_c/sonia_common_ros2/srv/detail/dropper_service__type_support_c.cpp.o\x1b[K\n'}
[6.017216] (-) TimerEvent: {}
[6.018523] (sonia_common_ros2) StdoutLine: {'line': b'[52/88] Building CXX object CMakeFiles/sonia_common_ros2__rosidl_typesupport_fastrtps_cpp.dir/rosidl_typesupport_fastrtps_cpp/sonia_common_ros2/srv/detail/dds_fastrtps/serial_service__type_support.cpp.o\x1b[K\n'}
[6.018878] (sonia_common_ros2) StdoutLine: {'line': b'[53/88] Building CXX object CMakeFiles/sonia_common_ros2__rosidl_typesupport_fastrtps_c.dir/rosidl_typesupport_fastrtps_c/sonia_common_ros2/msg/detail/pose__type_support_c.cpp.o\x1b[K\n'}
[6.029255] (sonia_common_ros2) StdoutLine: {'line': b'[53/88] Building CXX object CMakeFiles/sonia_common_ros2__rosidl_typesupport_introspection_cpp.dir/rosidl_typesupport_introspection_cpp/sonia_common_ros2/msg/detail/obstacle_array__type_support.cpp.o\x1b[K\n'}
[6.029674] (sonia_common_ros2) StdoutLine: {'line': b'[54/88] Building CXX object CMakeFiles/sonia_common_ros2__rosidl_typesupport_fastrtps_c.dir/rosidl_typesupport_fastrtps_c/sonia_common_ros2/msg/detail/serial_message__type_support_c.cpp.o\x1b[K\n'}
[6.106128] (sonia_common_ros2) StdoutLine: {'line': b'[54/88] Building CXX object CMakeFiles/sonia_common_ros2__rosidl_typesupport_introspection_cpp.dir/rosidl_typesupport_introspection_cpp/sonia_common_ros2/msg/detail/mission_status__type_support.cpp.o\x1b[K\n'}
[6.106368] (sonia_common_ros2) StdoutLine: {'line': b'[55/88] Building CXX object CMakeFiles/sonia_common_ros2__rosidl_typesupport_fastrtps_c.dir/rosidl_typesupport_fastrtps_c/sonia_common_ros2/msg/detail/pose_array__type_support_c.cpp.o\x1b[K\n'}
[6.117328] (-) TimerEvent: {}
[6.217669] (-) TimerEvent: {}
[6.219569] (sonia_common_ros2) StdoutLine: {'line': b'[55/88] Building CXX object CMakeFiles/sonia_common_ros2__rosidl_typesupport_introspection_cpp.dir/rosidl_typesupport_introspection_cpp/sonia_common_ros2/msg/detail/obstacle_info__type_support.cpp.o\x1b[K\n'}
[6.219942] (sonia_common_ros2) StdoutLine: {'line': b'[56/88] Building CXX object CMakeFiles/sonia_common_ros2__rosidl_typesupport_fastrtps_c.dir/rosidl_typesupport_fastrtps_c/sonia_common_ros2/srv/detail/serial_service__type_support_c.cpp.o\x1b[K\n'}
[6.317776] (-) TimerEvent: {}
[6.376901] (sonia_common_ros2) StdoutLine: {'line': b'[56/88] Linking CXX shared library libsonia_common_ros2__rosidl_typesupport_fastrtps_c.so\x1b[K\n'}
[6.377281] (sonia_common_ros2) StdoutLine: {'line': b'[57/88] Building CXX object CMakeFiles/sonia_common_ros2__rosidl_typesupport_fastrtps_cpp.dir/rosidl_typesupport_fastrtps_cpp/sonia_common_ros2/msg/detail/dds_fastrtps/pose_array__type_support.cpp.o\x1b[K\n'}
[6.417884] (-) TimerEvent: {}
[6.518279] (-) TimerEvent: {}
[6.524347] (sonia_common_ros2) StdoutLine: {'line': b'[57/88] Building CXX object CMakeFiles/sonia_common_ros2__rosidl_typesupport_introspection_cpp.dir/rosidl_typesupport_introspection_cpp/sonia_common_ros2/msg/detail/pose__type_support.cpp.o\x1b[K\n'}
[6.525748] (sonia_common_ros2) StdoutLine: {'line': b'[58/88] Linking CXX shared library libsonia_common_ros2__rosidl_typesupport_fastrtps_c.so\x1b[K\n'}
[6.579411] (sonia_common_ros2) StdoutLine: {'line': b'[58/88] Building CXX object CMakeFiles/sonia_common_ros2__rosidl_typesupport_introspection_cpp.dir/rosidl_typesupport_introspection_cpp/sonia_common_ros2/msg/detail/pose_array__type_support.cpp.o\x1b[K\n'}
[6.581662] (sonia_common_ros2) StdoutLine: {'line': b'[59/88] Building CXX object CMakeFiles/sonia_common_ros2__rosidl_typesupport_fastrtps_cpp.dir/rosidl_typesupport_fastrtps_cpp/sonia_common_ros2/msg/detail/dds_fastrtps/serial_message__type_support.cpp.o\x1b[K\n'}
[6.618390] (-) TimerEvent: {}
[6.719318] (-) TimerEvent: {}
[6.820354] (-) TimerEvent: {}
[6.909661] (sonia_common_ros2) StdoutLine: {'line': b'[59/88] Building CXX object CMakeFiles/sonia_common_ros2__rosidl_typesupport_introspection_cpp.dir/rosidl_typesupport_introspection_cpp/sonia_common_ros2/msg/detail/serial_message__type_support.cpp.o\x1b[K\n'}
[6.910029] (sonia_common_ros2) StdoutLine: {'line': b'[60/88] Building CXX object CMakeFiles/sonia_common_ros2__rosidl_typesupport_fastrtps_cpp.dir/rosidl_typesupport_fastrtps_cpp/sonia_common_ros2/srv/detail/dds_fastrtps/dropper_service__type_support.cpp.o\x1b[K\n'}
[6.920580] (-) TimerEvent: {}
[6.926175] (sonia_common_ros2) StdoutLine: {'line': b'[60/88] Building CXX object CMakeFiles/sonia_common_ros2__rosidl_typesupport_introspection_cpp.dir/rosidl_typesupport_introspection_cpp/sonia_common_ros2/srv/detail/dropper_service__type_support.cpp.o\x1b[K\n'}
[6.926699] (sonia_common_ros2) StdoutLine: {'line': b'[61/88] Building CXX object CMakeFiles/sonia_common_ros2__rosidl_typesupport_introspection_cpp.dir/rosidl_typesupport_introspection_cpp/sonia_common_ros2/msg/detail/mission_status__type_support.cpp.o\x1b[K\n'}
[7.008152] (sonia_common_ros2) StdoutLine: {'line': b'[61/88] Building CXX object CMakeFiles/sonia_common_ros2__rosidl_typesupport_introspection_cpp.dir/rosidl_typesupport_introspection_cpp/sonia_common_ros2/srv/detail/serial_service__type_support.cpp.o\x1b[K\n'}
[7.015086] (sonia_common_ros2) StdoutLine: {'line': b'[62/88] Building CXX object CMakeFiles/sonia_common_ros2__rosidl_typesupport_introspection_cpp.dir/rosidl_typesupport_introspection_cpp/sonia_common_ros2/msg/detail/obstacle_array__type_support.cpp.o\x1b[K\n'}
[7.021998] (-) TimerEvent: {}
[7.026908] (sonia_common_ros2) StdoutLine: {'line': b'[62/88] Building CXX object CMakeFiles/sonia_common_ros2__rosidl_typesupport_cpp.dir/rosidl_typesupport_cpp/sonia_common_ros2/msg/obstacle_array__type_support.cpp.o\x1b[K\n'}
[7.027240] (sonia_common_ros2) StdoutLine: {'line': b'[63/88] Building CXX object CMakeFiles/sonia_common_ros2__rosidl_typesupport_fastrtps_cpp.dir/rosidl_typesupport_fastrtps_cpp/sonia_common_ros2/srv/detail/dds_fastrtps/serial_service__type_support.cpp.o\x1b[K\n'}
[7.122270] (-) TimerEvent: {}
[7.222716] (-) TimerEvent: {}
[7.237890] (sonia_common_ros2) StdoutLine: {'line': b'[63/88] Linking CXX shared library libsonia_common_ros2__rosidl_typesupport_fastrtps_cpp.so\x1b[K\n'}
[7.238453] (sonia_common_ros2) StdoutLine: {'line': b'[64/88] Building CXX object CMakeFiles/sonia_common_ros2__rosidl_typesupport_introspection_cpp.dir/rosidl_typesupport_introspection_cpp/sonia_common_ros2/msg/detail/obstacle_info__type_support.cpp.o\x1b[K\n'}
[7.297982] (sonia_common_ros2) StdoutLine: {'line': b'[64/88] Building CXX object CMakeFiles/sonia_common_ros2__rosidl_typesupport_cpp.dir/rosidl_typesupport_cpp/sonia_common_ros2/msg/pose_array__type_support.cpp.o\x1b[K\n'}
[7.298644] (sonia_common_ros2) StdoutLine: {'line': b'[65/88] Linking CXX shared library libsonia_common_ros2__rosidl_typesupport_fastrtps_cpp.so\x1b[K\n'}
[7.322835] (-) TimerEvent: {}
[7.423285] (-) TimerEvent: {}
[7.450754] (sonia_common_ros2) StdoutLine: {'line': b'[65/88] Building CXX object CMakeFiles/sonia_common_ros2__rosidl_typesupport_cpp.dir/rosidl_typesupport_cpp/sonia_common_ros2/msg/pose__type_support.cpp.o\x1b[K\n'}
[7.451100] (sonia_common_ros2) StdoutLine: {'line': b'[66/88] Building CXX object CMakeFiles/sonia_common_ros2__rosidl_typesupport_introspection_cpp.dir/rosidl_typesupport_introspection_cpp/sonia_common_ros2/msg/detail/pose__type_support.cpp.o\x1b[K\n'}
[7.523411] (-) TimerEvent: {}
[7.623843] (-) TimerEvent: {}
[7.724801] (-) TimerEvent: {}
[7.807073] (sonia_common_ros2) StdoutLine: {'line': b'[66/88] Building CXX object CMakeFiles/sonia_common_ros2__rosidl_typesupport_cpp.dir/rosidl_typesupport_cpp/sonia_common_ros2/msg/serial_message__type_support.cpp.o\x1b[K\n'}
[7.811934] (sonia_common_ros2) StdoutLine: {'line': b'[67/88] Building CXX object CMakeFiles/sonia_common_ros2__rosidl_typesupport_cpp.dir/rosidl_typesupport_cpp/sonia_common_ros2/msg/obstacle_array__type_support.cpp.o\x1b[K\n'}
[7.824916] (-) TimerEvent: {}
[7.851700] (sonia_common_ros2) StdoutLine: {'line': b'[67/88] Building CXX object CMakeFiles/sonia_common_ros2__rosidl_typesupport_cpp.dir/rosidl_typesupport_cpp/sonia_common_ros2/srv/dropper_service__type_support.cpp.o\x1b[K\n'}
[7.852286] (sonia_common_ros2) StdoutLine: {'line': b'[68/88] Building CXX object CMakeFiles/sonia_common_ros2__rosidl_typesupport_introspection_cpp.dir/rosidl_typesupport_introspection_cpp/sonia_common_ros2/msg/detail/pose_array__type_support.cpp.o\x1b[K\n'}
[7.925042] (-) TimerEvent: {}
[7.971867] (sonia_common_ros2) StdoutLine: {'line': b'[68/88] Building CXX object CMakeFiles/sonia_common_ros2__rosidl_typesupport_cpp.dir/rosidl_typesupport_cpp/sonia_common_ros2/srv/serial_service__type_support.cpp.o\x1b[K\n'}
[7.972425] (sonia_common_ros2) StdoutLine: {'line': b'[69/88] Building CXX object CMakeFiles/sonia_common_ros2__rosidl_typesupport_introspection_cpp.dir/rosidl_typesupport_introspection_cpp/sonia_common_ros2/msg/detail/serial_message__type_support.cpp.o\x1b[K\n'}
[8.025163] (-) TimerEvent: {}
[8.110466] (sonia_common_ros2) StdoutLine: {'line': b'[69/88] Building CXX object CMakeFiles/sonia_common_ros2_matlab.dir/src/sonia_common_ros2_KillStatus_message.cpp.o\x1b[K\n'}
[8.111015] (sonia_common_ros2) StdoutLine: {'line': b'[70/88] Building CXX object CMakeFiles/sonia_common_ros2__rosidl_typesupport_introspection_cpp.dir/rosidl_typesupport_introspection_cpp/sonia_common_ros2/srv/detail/dropper_service__type_support.cpp.o\x1b[K\n'}
[8.123907] (sonia_common_ros2) StdoutLine: {'line': b'[70/88] Building CXX object CMakeFiles/sonia_common_ros2_matlab.dir/src/sonia_common_ros2_MissionStatus_message.cpp.o\x1b[K\n'}
[8.126357] (sonia_common_ros2) StdoutLine: {'line': b'[71/88] Building CXX object CMakeFiles/sonia_common_ros2__rosidl_typesupport_cpp.dir/rosidl_typesupport_cpp/sonia_common_ros2/msg/pose_array__type_support.cpp.o\x1b[K\n'}
[8.126645] (-) TimerEvent: {}
[8.143294] (sonia_common_ros2) StdoutLine: {'line': b'[71/88] Building CXX object CMakeFiles/sonia_common_ros2_matlab.dir/src/sonia_common_ros2_ObstacleArray_message.cpp.o\x1b[K\n'}
[8.143792] (sonia_common_ros2) StdoutLine: {'line': b'[72/88] Building CXX object CMakeFiles/sonia_common_ros2__rosidl_typesupport_introspection_cpp.dir/rosidl_typesupport_introspection_cpp/sonia_common_ros2/srv/detail/serial_service__type_support.cpp.o\x1b[K\n'}
[8.226786] (-) TimerEvent: {}
[8.331259] (-) TimerEvent: {}
[8.332463] (sonia_common_ros2) StdoutLine: {'line': b'[72/88] Linking CXX shared library libsonia_common_ros2__rosidl_typesupport_introspection_cpp.so\x1b[K\n'}
[8.332935] (sonia_common_ros2) StdoutLine: {'line': b'[73/88] Building CXX object CMakeFiles/sonia_common_ros2__rosidl_typesupport_cpp.dir/rosidl_typesupport_cpp/sonia_common_ros2/msg/serial_message__type_support.cpp.o\x1b[K\n'}
[8.374911] (sonia_common_ros2) StdoutLine: {'line': b'[73/88] Building CXX object CMakeFiles/sonia_common_ros2_matlab.dir/src/sonia_common_ros2_ObstacleInfo_message.cpp.o\x1b[K\n'}
[8.375356] (sonia_common_ros2) StdoutLine: {'line': b'[74/88] Building CXX object CMakeFiles/sonia_common_ros2__rosidl_typesupport_cpp.dir/rosidl_typesupport_cpp/sonia_common_ros2/msg/pose__type_support.cpp.o\x1b[K\n'}
[8.431429] (-) TimerEvent: {}
[8.439582] (sonia_common_ros2) StdoutLine: {'line': b'[74/88] Building CXX object CMakeFiles/sonia_common_ros2_matlab.dir/src/sonia_common_ros2_DropperService_service.cpp.o\x1b[K\n'}
[8.440042] (sonia_common_ros2) StdoutLine: {'line': b'[75/88] Linking CXX shared library libsonia_common_ros2__rosidl_typesupport_introspection_cpp.so\x1b[K\n'}
[8.531554] (-) TimerEvent: {}
[8.632020] (-) TimerEvent: {}
[8.733916] (-) TimerEvent: {}
[8.767474] (sonia_common_ros2) StdoutLine: {'line': b'[75/88] Building CXX object CMakeFiles/sonia_common_ros2_matlab.dir/src/sonia_common_ros2_PoseArray_message.cpp.o\x1b[K\n'}
[8.773774] (sonia_common_ros2) StdoutLine: {'line': b'[76/88] Building CXX object CMakeFiles/sonia_common_ros2__rosidl_typesupport_cpp.dir/rosidl_typesupport_cpp/sonia_common_ros2/srv/serial_service__type_support.cpp.o\x1b[K\n'}
[8.830917] (sonia_common_ros2) StdoutLine: {'line': b'[76/88] Building CXX object CMakeFiles/sonia_common_ros2_matlab.dir/src/sonia_common_ros2_SerialMessage_message.cpp.o\x1b[K\n'}
[8.831335] (sonia_common_ros2) StdoutLine: {'line': b'[77/88] Building CXX object CMakeFiles/sonia_common_ros2__rosidl_typesupport_cpp.dir/rosidl_typesupport_cpp/sonia_common_ros2/srv/dropper_service__type_support.cpp.o\x1b[K\n'}
[8.841569] (-) TimerEvent: {}
[8.942033] (-) TimerEvent: {}
[9.024867] (sonia_common_ros2) StdoutLine: {'line': b'[77/88] Linking CXX shared library libsonia_common_ros2__rosidl_typesupport_cpp.so\x1b[K\n'}
[9.028694] (sonia_common_ros2) StdoutLine: {'line': b'[78/88] Linking CXX shared library libsonia_common_ros2__rosidl_typesupport_cpp.so\x1b[K\n'}
[9.042145] (-) TimerEvent: {}
[9.143208] (-) TimerEvent: {}
[9.244729] (-) TimerEvent: {}
[9.346199] (-) TimerEvent: {}
[9.447268] (-) TimerEvent: {}
[9.548331] (-) TimerEvent: {}
[9.649392] (-) TimerEvent: {}
[9.750513] (-) TimerEvent: {}
[9.851647] (-) TimerEvent: {}
[9.952712] (-) TimerEvent: {}
[10.053805] (-) TimerEvent: {}
[10.154955] (-) TimerEvent: {}
[10.256099] (-) TimerEvent: {}
[10.357185] (-) TimerEvent: {}
[10.458366] (-) TimerEvent: {}
[10.559483] (-) TimerEvent: {}
[10.660595] (-) TimerEvent: {}
[10.761736] (-) TimerEvent: {}
[10.862853] (-) TimerEvent: {}
[10.963976] (-) TimerEvent: {}
[11.065078] (-) TimerEvent: {}
[11.166201] (-) TimerEvent: {}
[11.267258] (-) TimerEvent: {}
[11.368337] (-) TimerEvent: {}
[11.469441] (-) TimerEvent: {}
[11.570547] (-) TimerEvent: {}
[11.671659] (-) TimerEvent: {}
[11.772789] (-) TimerEvent: {}
[11.873898] (-) TimerEvent: {}
[11.974944] (-) TimerEvent: {}
[12.076053] (-) TimerEvent: {}
[12.177173] (-) TimerEvent: {}
[12.278274] (-) TimerEvent: {}
[12.379360] (-) TimerEvent: {}
[12.480495] (-) TimerEvent: {}
[12.581581] (-) TimerEvent: {}
[12.682662] (-) TimerEvent: {}
[12.783784] (-) TimerEvent: {}
[12.884918] (-) TimerEvent: {}
[12.985908] (-) TimerEvent: {}
[13.086942] (-) TimerEvent: {}
[13.188042] (-) TimerEvent: {}
[13.289396] (-) TimerEvent: {}
[13.390452] (-) TimerEvent: {}
[13.491578] (-) TimerEvent: {}
[13.592756] (-) TimerEvent: {}
[13.693908] (-) TimerEvent: {}
[13.798098] (-) TimerEvent: {}
[13.899243] (-) TimerEvent: {}
[14.000378] (-) TimerEvent: {}
[14.101538] (-) TimerEvent: {}
[14.202683] (-) TimerEvent: {}
[14.303733] (-) TimerEvent: {}
[14.404776] (-) TimerEvent: {}
[14.505812] (-) TimerEvent: {}
[14.606881] (-) TimerEvent: {}
[14.707940] (-) TimerEvent: {}
[14.813909] (-) TimerEvent: {}
[14.914339] (-) TimerEvent: {}
[15.018101] (-) TimerEvent: {}
[15.119176] (-) TimerEvent: {}
[15.220184] (-) TimerEvent: {}
[15.321244] (-) TimerEvent: {}
[15.422354] (-) TimerEvent: {}
[15.523404] (-) TimerEvent: {}
[15.624427] (-) TimerEvent: {}
[15.725494] (-) TimerEvent: {}
[15.826568] (-) TimerEvent: {}
[15.927662] (-) TimerEvent: {}
[16.038166] (-) TimerEvent: {}
[16.139208] (-) TimerEvent: {}
[16.240232] (-) TimerEvent: {}
[16.341282] (-) TimerEvent: {}
[16.442367] (-) TimerEvent: {}
[16.544923] (-) TimerEvent: {}
[16.645395] (-) TimerEvent: {}
[16.746558] (-) TimerEvent: {}
[16.847708] (-) TimerEvent: {}
[16.948828] (-) TimerEvent: {}
[17.049922] (-) TimerEvent: {}
[17.151090] (-) TimerEvent: {}
[17.252248] (-) TimerEvent: {}
[17.353399] (-) TimerEvent: {}
[17.454511] (-) TimerEvent: {}
[17.555685] (-) TimerEvent: {}
[17.656843] (-) TimerEvent: {}
[17.757912] (-) TimerEvent: {}
[17.859035] (-) TimerEvent: {}
[17.960181] (-) TimerEvent: {}
[18.061338] (-) TimerEvent: {}
[18.162351] (-) TimerEvent: {}
[18.263395] (-) TimerEvent: {}
[18.364451] (-) TimerEvent: {}
[18.465561] (-) TimerEvent: {}
[18.566655] (-) TimerEvent: {}
[18.667675] (-) TimerEvent: {}
[18.768759] (-) TimerEvent: {}
[18.869836] (-) TimerEvent: {}
[18.970917] (-) TimerEvent: {}
[19.071952] (-) TimerEvent: {}
[19.173030] (-) TimerEvent: {}
[19.274075] (-) TimerEvent: {}
[19.375145] (-) TimerEvent: {}
[19.476180] (-) TimerEvent: {}
[19.577239] (-) TimerEvent: {}
[19.678393] (-) TimerEvent: {}
[19.779505] (-) TimerEvent: {}
[19.880497] (-) TimerEvent: {}
[19.981548] (-) TimerEvent: {}
[20.082569] (-) TimerEvent: {}
[20.183602] (-) TimerEvent: {}
[20.284666] (-) TimerEvent: {}
[20.385740] (-) TimerEvent: {}
[20.486793] (-) TimerEvent: {}
[20.587868] (-) TimerEvent: {}
[20.688887] (-) TimerEvent: {}
[20.789912] (-) TimerEvent: {}
[20.890924] (-) TimerEvent: {}
[20.991919] (-) TimerEvent: {}
[21.092951] (-) TimerEvent: {}
[21.194005] (-) TimerEvent: {}
[21.295034] (-) TimerEvent: {}
[21.396099] (-) TimerEvent: {}
[21.497077] (-) TimerEvent: {}
[21.598120] (-) TimerEvent: {}
[21.699157] (-) TimerEvent: {}
[21.800179] (-) TimerEvent: {}
[21.901200] (-) TimerEvent: {}
[22.002267] (-) TimerEvent: {}
[22.103382] (-) TimerEvent: {}
[22.204464] (-) TimerEvent: {}
[22.305519] (-) TimerEvent: {}
[22.407620] (-) TimerEvent: {}
[22.508719] (-) TimerEvent: {}
[22.609781] (-) TimerEvent: {}
[22.710829] (-) TimerEvent: {}
[22.811867] (-) TimerEvent: {}
[22.912938] (-) TimerEvent: {}
[23.013965] (-) TimerEvent: {}
[23.114988] (-) TimerEvent: {}
[23.216067] (-) TimerEvent: {}
[23.317154] (-) TimerEvent: {}
[23.418190] (-) TimerEvent: {}
[23.519203] (-) TimerEvent: {}
[23.620176] (-) TimerEvent: {}
[23.721217] (-) TimerEvent: {}
[23.822271] (-) TimerEvent: {}
[23.923367] (-) TimerEvent: {}
[24.024445] (-) TimerEvent: {}
[24.125475] (-) TimerEvent: {}
[24.226583] (-) TimerEvent: {}
[24.327694] (-) TimerEvent: {}
[24.445526] (-) TimerEvent: {}
[24.546619] (-) TimerEvent: {}
[24.647700] (-) TimerEvent: {}
[24.748718] (-) TimerEvent: {}
[24.849757] (-) TimerEvent: {}
[24.951595] (-) TimerEvent: {}
[25.052535] (-) TimerEvent: {}
[25.153602] (-) TimerEvent: {}
[25.254703] (-) TimerEvent: {}
[25.355807] (-) TimerEvent: {}
[25.456868] (-) TimerEvent: {}
[25.558006] (-) TimerEvent: {}
[25.659114] (-) TimerEvent: {}
[25.760196] (-) TimerEvent: {}
[25.861239] (-) TimerEvent: {}
[25.962294] (-) TimerEvent: {}
[26.063324] (-) TimerEvent: {}
[26.164398] (-) TimerEvent: {}
[26.265474] (-) TimerEvent: {}
[26.366502] (-) TimerEvent: {}
[26.467514] (-) TimerEvent: {}
[26.568591] (-) TimerEvent: {}
[26.669654] (-) TimerEvent: {}
[26.770711] (-) TimerEvent: {}
[26.871709] (-) TimerEvent: {}
[26.972734] (-) TimerEvent: {}
[27.073789] (-) TimerEvent: {}
[27.174844] (-) TimerEvent: {}
[27.275920] (-) TimerEvent: {}
[27.377004] (-) TimerEvent: {}
[27.478175] (-) TimerEvent: {}
[27.579392] (-) TimerEvent: {}
[27.680441] (-) TimerEvent: {}
[27.781555] (-) TimerEvent: {}
[27.882684] (-) TimerEvent: {}
[27.983770] (-) TimerEvent: {}
[28.084855] (-) TimerEvent: {}
[28.185914] (-) TimerEvent: {}
[28.286952] (-) TimerEvent: {}
[28.388040] (-) TimerEvent: {}
[28.489089] (-) TimerEvent: {}
[28.590146] (-) TimerEvent: {}
[28.691221] (-) TimerEvent: {}
[28.792288] (-) TimerEvent: {}
[28.893338] (-) TimerEvent: {}
[28.994373] (-) TimerEvent: {}
[29.095451] (-) TimerEvent: {}
[29.196538] (-) TimerEvent: {}
[29.297599] (-) TimerEvent: {}
[29.398297] (-) TimerEvent: {}
[29.498687] (-) TimerEvent: {}
[29.599082] (-) TimerEvent: {}
[29.699473] (-) TimerEvent: {}
[29.799869] (-) TimerEvent: {}
[29.900941] (-) TimerEvent: {}
[30.002161] (-) TimerEvent: {}
[30.103159] (-) TimerEvent: {}
[30.204145] (-) TimerEvent: {}
[30.305194] (-) TimerEvent: {}
[30.406280] (-) TimerEvent: {}
[30.507028] (-) TimerEvent: {}
[30.608137] (-) TimerEvent: {}
[30.709195] (-) TimerEvent: {}
[30.810276] (-) TimerEvent: {}
[30.911347] (-) TimerEvent: {}
[31.012364] (-) TimerEvent: {}
[31.113532] (-) TimerEvent: {}
[31.218092] (-) TimerEvent: {}
[31.328799] (-) TimerEvent: {}
[31.429224] (-) TimerEvent: {}
[31.530401] (-) TimerEvent: {}
[31.631901] (-) TimerEvent: {}
[31.733007] (-) TimerEvent: {}
[31.834153] (-) TimerEvent: {}
[31.946619] (-) TimerEvent: {}
[32.047639] (-) TimerEvent: {}
[32.148782] (-) TimerEvent: {}
[32.249793] (-) TimerEvent: {}
[32.350855] (-) TimerEvent: {}
[32.451901] (-) TimerEvent: {}
[32.552949] (-) TimerEvent: {}
[32.654012] (-) TimerEvent: {}
[32.755009] (-) TimerEvent: {}
[32.856077] (-) TimerEvent: {}
[32.957135] (-) TimerEvent: {}
[33.058191] (-) TimerEvent: {}
[33.159226] (-) TimerEvent: {}
[33.260300] (-) TimerEvent: {}
[33.361356] (-) TimerEvent: {}
[33.462438] (-) TimerEvent: {}
[33.563474] (-) TimerEvent: {}
[33.664558] (-) TimerEvent: {}
[33.765702] (-) TimerEvent: {}
[33.873909] (-) TimerEvent: {}
[33.974301] (-) TimerEvent: {}
[34.074718] (-) TimerEvent: {}
[34.175482] (-) TimerEvent: {}
[34.275897] (-) TimerEvent: {}
[34.377078] (-) TimerEvent: {}
[34.478167] (-) TimerEvent: {}
[34.579490] (-) TimerEvent: {}
[34.679930] (-) TimerEvent: {}
[34.780687] (-) TimerEvent: {}
[34.881464] (-) TimerEvent: {}
[34.982879] (-) TimerEvent: {}
[35.083293] (-) TimerEvent: {}
[35.185022] (-) TimerEvent: {}
[35.285890] (-) TimerEvent: {}
[35.387528] (-) TimerEvent: {}
[35.488654] (-) TimerEvent: {}
[35.591063] (-) TimerEvent: {}
[35.691498] (-) TimerEvent: {}
[35.746792] (sonia_common_ros2) StdoutLine: {'line': b'[78/88] Building CXX object CMakeFiles/sonia_common_ros2_matlab.dir/src/sonia_common_ros2_Pose_message.cpp.o\x1b[K\n'}
[35.749320] (sonia_common_ros2) StdoutLine: {'line': b'[79/88] Building CXX object CMakeFiles/sonia_common_ros2_matlab.dir/src/sonia_common_ros2_ObstacleInfo_message.cpp.o\x1b[K\n'}
[35.791628] (-) TimerEvent: {}
[35.892469] (-) TimerEvent: {}
[35.992862] (-) TimerEvent: {}
[36.093264] (-) TimerEvent: {}
[36.114351] (sonia_common_ros2) StdoutLine: {'line': b'[79/88] Building CXX object CMakeFiles/sonia_common_ros2_matlab.dir/src/sonia_common_ros2_SerialService_service.cpp.o\x1b[K\n'}
[36.163525] (sonia_common_ros2) StdoutLine: {'line': b'[80/88] Building CXX object CMakeFiles/sonia_common_ros2_matlab.dir/src/sonia_common_ros2_MissionStatus_message.cpp.o\x1b[K\n'}
[36.193379] (-) TimerEvent: {}
[36.293779] (-) TimerEvent: {}
[36.394206] (-) TimerEvent: {}
[36.494602] (-) TimerEvent: {}
[36.595003] (-) TimerEvent: {}
[36.695431] (-) TimerEvent: {}
[36.801920] (-) TimerEvent: {}
[36.802374] (sonia_common_ros2) StdoutLine: {'line': b'[81/88] Building CXX object CMakeFiles/sonia_common_ros2_matlab.dir/src/sonia_common_ros2_KillStatus_message.cpp.o\x1b[K\n'}
[36.902048] (-) TimerEvent: {}
[37.002561] (-) TimerEvent: {}
[37.102973] (-) TimerEvent: {}
[37.203708] (-) TimerEvent: {}
[37.304462] (-) TimerEvent: {}
[37.404885] (-) TimerEvent: {}
[37.414399] (sonia_common_ros2) StdoutLine: {'line': b'[82/88] Building CXX object CMakeFiles/sonia_common_ros2_matlab.dir/src/sonia_common_ros2_SerialMessage_message.cpp.o\x1b[K\n'}
[37.505016] (-) TimerEvent: {}
[37.529212] (sonia_common_ros2) StdoutLine: {'line': b'[83/88] Building CXX object CMakeFiles/sonia_common_ros2_matlab.dir/src/sonia_common_ros2_Pose_message.cpp.o\x1b[K\n'}
[37.605135] (-) TimerEvent: {}
[37.705521] (-) TimerEvent: {}
[37.805911] (-) TimerEvent: {}
[37.906294] (-) TimerEvent: {}
[38.006676] (-) TimerEvent: {}
[38.107069] (-) TimerEvent: {}
[38.207457] (-) TimerEvent: {}
[38.307844] (-) TimerEvent: {}
[38.319905] (sonia_common_ros2) StdoutLine: {'line': b'[84/88] Building CXX object CMakeFiles/sonia_common_ros2_matlab.dir/src/sonia_common_ros2_PoseArray_message.cpp.o\x1b[K\n'}
[38.407943] (-) TimerEvent: {}
[38.508260] (-) TimerEvent: {}
[38.608567] (-) TimerEvent: {}
[38.708855] (-) TimerEvent: {}
[38.809150] (-) TimerEvent: {}
[38.909442] (-) TimerEvent: {}
[39.009732] (-) TimerEvent: {}
[39.110048] (-) TimerEvent: {}
[39.210335] (-) TimerEvent: {}
[39.310623] (-) TimerEvent: {}
[39.410939] (-) TimerEvent: {}
[39.511297] (-) TimerEvent: {}
[39.611647] (-) TimerEvent: {}
[39.711990] (-) TimerEvent: {}
[39.812336] (-) TimerEvent: {}
[39.912689] (-) TimerEvent: {}
[40.013055] (-) TimerEvent: {}
[40.113360] (-) TimerEvent: {}
[40.213654] (-) TimerEvent: {}
[40.313963] (-) TimerEvent: {}
[40.414256] (-) TimerEvent: {}
[40.514553] (-) TimerEvent: {}
[40.614859] (-) TimerEvent: {}
[40.715155] (-) TimerEvent: {}
[40.815448] (-) TimerEvent: {}
[40.915741] (-) TimerEvent: {}
[41.016042] (-) TimerEvent: {}
[41.116328] (-) TimerEvent: {}
[41.216634] (-) TimerEvent: {}
[41.316921] (-) TimerEvent: {}
[41.417206] (-) TimerEvent: {}
[41.517491] (-) TimerEvent: {}
[41.617779] (-) TimerEvent: {}
[41.718104] (-) TimerEvent: {}
[41.818455] (-) TimerEvent: {}
[41.918815] (-) TimerEvent: {}
[42.019160] (-) TimerEvent: {}
[42.119509] (-) TimerEvent: {}
[42.219855] (-) TimerEvent: {}
[42.320198] (-) TimerEvent: {}
[42.420564] (-) TimerEvent: {}
[42.520947] (-) TimerEvent: {}
[42.621306] (-) TimerEvent: {}
[42.721640] (-) TimerEvent: {}
[42.822002] (-) TimerEvent: {}
[42.922362] (-) TimerEvent: {}
[42.930808] (sonia_common_ros2) StdoutLine: {'line': b'[85/88] Building CXX object CMakeFiles/sonia_common_ros2_matlab.dir/src/sonia_common_ros2_ObstacleArray_message.cpp.o\x1b[K\n'}
[43.022462] (-) TimerEvent: {}
[43.122781] (-) TimerEvent: {}
[43.223092] (-) TimerEvent: {}
[43.323400] (-) TimerEvent: {}
[43.423700] (-) TimerEvent: {}
[43.523998] (-) TimerEvent: {}
[43.624319] (-) TimerEvent: {}
[43.724613] (-) TimerEvent: {}
[43.824912] (-) TimerEvent: {}
[43.925213] (-) TimerEvent: {}
[44.025514] (-) TimerEvent: {}
[44.125811] (-) TimerEvent: {}
[44.226112] (-) TimerEvent: {}
[44.326401] (-) TimerEvent: {}
[44.426699] (-) TimerEvent: {}
[44.526992] (-) TimerEvent: {}
[44.627310] (-) TimerEvent: {}
[44.727617] (-) TimerEvent: {}
[44.827918] (-) TimerEvent: {}
[44.928210] (-) TimerEvent: {}
[45.028498] (-) TimerEvent: {}
[45.128764] (-) TimerEvent: {}
[45.229107] (-) TimerEvent: {}
[45.329445] (-) TimerEvent: {}
[45.429795] (-) TimerEvent: {}
[45.530135] (-) TimerEvent: {}
[45.630472] (-) TimerEvent: {}
[45.730791] (-) TimerEvent: {}
[45.831067] (-) TimerEvent: {}
[45.931339] (-) TimerEvent: {}
[46.031678] (-) TimerEvent: {}
[46.131948] (-) TimerEvent: {}
[46.232217] (-) TimerEvent: {}
[46.332480] (-) TimerEvent: {}
[46.432743] (-) TimerEvent: {}
[46.533012] (-) TimerEvent: {}
[46.633305] (-) TimerEvent: {}
[46.733568] (-) TimerEvent: {}
[46.833840] (-) TimerEvent: {}
[46.934096] (-) TimerEvent: {}
[47.034372] (-) TimerEvent: {}
[47.134634] (-) TimerEvent: {}
[47.234912] (-) TimerEvent: {}
[47.335169] (-) TimerEvent: {}
[47.435426] (-) TimerEvent: {}
[47.535675] (-) TimerEvent: {}
[47.635941] (-) TimerEvent: {}
[47.736309] (-) TimerEvent: {}
[47.836700] (-) TimerEvent: {}
[47.936952] (-) TimerEvent: {}
[48.037228] (-) TimerEvent: {}
[48.137500] (-) TimerEvent: {}
[48.237767] (-) TimerEvent: {}
[48.338030] (-) TimerEvent: {}
[48.438287] (-) TimerEvent: {}
[48.538538] (-) TimerEvent: {}
[48.638791] (-) TimerEvent: {}
[48.739070] (-) TimerEvent: {}
[48.839325] (-) TimerEvent: {}
[48.939584] (-) TimerEvent: {}
[49.039844] (-) TimerEvent: {}
[49.140103] (-) TimerEvent: {}
[49.240360] (-) TimerEvent: {}
[49.340626] (-) TimerEvent: {}
[49.440886] (-) TimerEvent: {}
[49.541149] (-) TimerEvent: {}
[49.641407] (-) TimerEvent: {}
[49.741666] (-) TimerEvent: {}
[49.841934] (-) TimerEvent: {}
[49.942191] (-) TimerEvent: {}
[50.042452] (-) TimerEvent: {}
[50.142709] (-) TimerEvent: {}
[50.242996] (-) TimerEvent: {}
[50.343276] (-) TimerEvent: {}
[50.443565] (-) TimerEvent: {}
[50.543848] (-) TimerEvent: {}
[50.644132] (-) TimerEvent: {}
[50.744409] (-) TimerEvent: {}
[50.844718] (-) TimerEvent: {}
[50.945001] (-) TimerEvent: {}
[51.045305] (-) TimerEvent: {}
[51.145611] (-) TimerEvent: {}
[51.245880] (-) TimerEvent: {}
[51.346161] (-) TimerEvent: {}
[51.446438] (-) TimerEvent: {}
[51.546719] (-) TimerEvent: {}
[51.646997] (-) TimerEvent: {}
[51.747291] (-) TimerEvent: {}
[51.847581] (-) TimerEvent: {}
[51.947866] (-) TimerEvent: {}
[52.048159] (-) TimerEvent: {}
[52.148455] (-) TimerEvent: {}
[52.248769] (-) TimerEvent: {}
[52.349051] (-) TimerEvent: {}
[52.449332] (-) TimerEvent: {}
[52.549734] (-) TimerEvent: {}
[52.650007] (-) TimerEvent: {}
[52.750273] (-) TimerEvent: {}
[52.850571] (-) TimerEvent: {}
[52.950833] (-) TimerEvent: {}
[53.051083] (-) TimerEvent: {}
[53.151369] (-) TimerEvent: {}
[53.251670] (-) TimerEvent: {}
[53.351951] (-) TimerEvent: {}
[53.452219] (-) TimerEvent: {}
[53.552489] (-) TimerEvent: {}
[53.650264] (sonia_common_ros2) StdoutLine: {'line': b'[86/88] Building CXX object CMakeFiles/sonia_common_ros2_matlab.dir/src/sonia_common_ros2_DropperService_service.cpp.o\x1b[K\n'}
[53.650565] (sonia_common_ros2) StdoutLine: {'line': b'[87/88] Building CXX object CMakeFiles/sonia_common_ros2_matlab.dir/src/sonia_common_ros2_SerialService_service.cpp.o\x1b[K\n'}
[53.652570] (-) TimerEvent: {}
[53.752866] (-) TimerEvent: {}
[53.853139] (-) TimerEvent: {}
[53.953430] (-) TimerEvent: {}
[54.053694] (-) TimerEvent: {}
[54.153995] (-) TimerEvent: {}
[54.254338] (-) TimerEvent: {}
[54.354662] (-) TimerEvent: {}
[54.455007] (-) TimerEvent: {}
[54.555301] (-) TimerEvent: {}
[54.655594] (-) TimerEvent: {}
[54.755889] (-) TimerEvent: {}
[54.856187] (-) TimerEvent: {}
[54.956475] (-) TimerEvent: {}
[55.056769] (-) TimerEvent: {}
[55.157082] (-) TimerEvent: {}
[55.257388] (-) TimerEvent: {}
[55.357688] (-) TimerEvent: {}
[55.457996] (-) TimerEvent: {}
[55.558309] (-) TimerEvent: {}
[55.658609] (-) TimerEvent: {}
[55.758901] (-) TimerEvent: {}
[55.859172] (-) TimerEvent: {}
[55.959425] (-) TimerEvent: {}
[56.059685] (-) TimerEvent: {}
[56.159952] (-) TimerEvent: {}
[56.260214] (-) TimerEvent: {}
[56.360478] (-) TimerEvent: {}
[56.460746] (-) TimerEvent: {}
[56.561019] (-) TimerEvent: {}
[56.661292] (-) TimerEvent: {}
[56.761584] (-) TimerEvent: {}
[56.861891] (-) TimerEvent: {}
[56.962213] (-) TimerEvent: {}
[57.062534] (-) TimerEvent: {}
[57.162864] (-) TimerEvent: {}
[57.263167] (-) TimerEvent: {}
[57.314913] (sonia_common_ros2) StdoutLine: {'line': b'[87/88] Linking CXX shared library libsonia_common_ros2_matlab.so\x1b[K\n'}
[57.315158] (sonia_common_ros2) StdoutLine: {'line': b'[88/88] Linking CXX shared library libsonia_common_ros2_matlab.so\x1b[K\n'}
[57.318144] (sonia_common_ros2) CommandEnded: {'returncode': 0}
[57.348693] (sonia_common_ros2) JobProgress: {'identifier': 'sonia_common_ros2', 'progress': 'install'}
[57.353460] (sonia_common_ros2) Command: {'cmd': ['/usr/local/MATLAB/R2024a/bin/glnxa64/cmake/bin/cmake', '--install', '/home/nimai/ros2_sonia_ws/src/sonia_common_ros2/matlab_msg_gen/glnxa64/build/sonia_common_ros2'], 'cwd': '/home/nimai/ros2_sonia_ws/src/sonia_common_ros2/matlab_msg_gen/glnxa64/build/sonia_common_ros2', 'env': OrderedDict([('LESSOPEN', '| /usr/bin/lesspipe %s'), ('ARCH', 'glnxa64'), ('VSCODE_CWD', '/home/nimai/ros2_sonia_ws/src/control_library'), ('LANGUAGE', 'en_CA:en'), ('CUSTOM_LD_LIBRARY_PATH', ''), ('USER', 'nimai'), ('SNAP_COMMON', '/var/snap/code/common'), ('ROS_MAVEN_DEPLOYMENT_REPOSITORY', '/home/nimai/.m2/repository/'), ('LOCAL_PYTHON_VENV_PATH', '/home/nimai/.matlab/R2024a/ros2/glnxa64/venv'), ('VSCODE_NLS_CONFIG', '{"locale":"en-gb","osLocale":"en-ca","availableLanguages":{},"_languagePackSupport":true}'), ('MEMKIND_HEAP_MANAGER', 'TBB'), ('MATLAB_LOG_DIR', '/tmp/matlabls_36804'), ('GIO_MODULE_DIR', '/home/nimai/snap/code/common/.cache/gio-modules'), ('VSCODE_HANDLES_UNCAUGHT_ERRORS', 'true'), ('CUSTOM_AMENT_PREFIX_PATH', '/home/nimai/ros2_sonia_ws/src/sonia_common_ros2/matlab_msg_gen/glnxa64/install:/usr/local/MATLAB/R2024a/sys/ros2/glnxa64/ros2'), ('XDG_SESSION_TYPE', 'wayland'), ('SNAP_UID', '1000'), ('KMP_HANDLE_SIGNALS', '0'), ('SHLVL', '2'), ('ICU_TIMEZONE_FILES_DIR', '/usr/local/MATLAB/R2024a/bin/icutzdata'), ('LD_LIBRARY_PATH', ':/usr/local/MATLAB/R2024a/sys/ros2/glnxa64/ros2/lib:/usr/local/MATLAB/R2024a/sys/opengl/lib/glnxa64:/usr/local/MATLAB/R2024a/sys/os/glnxa64:/usr/local/MATLAB/R2024a/bin/glnxa64:/home/nimai/.MathWorks/sjIU_JBHMpDfD2I6PVGUzD1UvwcpVSfTWaVgy57sVOE/bin/glnxa64:/usr/local/MATLAB/R2024a/extern/lib/glnxa64:/usr/local/MATLAB/R2024a/cefclient/sys/os/glnxa64:/usr/local/MATLAB/R2024a/runtime/glnxa64:/usr/local/MATLAB/R2024a/sys/java/jre/glnxa64/jre/lib/amd64/native_threads:/usr/local/MATLAB/R2024a/sys/java/jre/glnxa64/jre/lib/amd64/server:/home/nimai/ros2_sonia_ws/install/sonia_common_ros2/lib:/home/nimai/ros2_sonia_ws/install/sonia_common_cpp/lib:/home/nimai/ros2_sonia_ws/install/btcpp_ros2_interfaces/lib:/home/nimai/ros2_sonia_ws/install/behaviortree_cpp/lib:/opt/ros/humble/opt/rviz_ogre_vendor/lib:/opt/ros/humble/lib/x86_64-linux-gnu:/opt/ros/humble/lib'), ('BASEMATLABPATH', ''), ('HOME', '/home/nimai'), ('CHROME_DESKTOP', 'code-url-handler.desktop'), ('SNAP_LIBRARY_PATH', '/var/lib/snapd/lib/gl:/var/lib/snapd/lib/gl32:/var/lib/snapd/void'), ('AUTOMOUNT_MAP', ''), ('OLDPWD', '/usr/local/MATLAB/R2024a'), ('DESKTOP_SESSION', 'ubuntu'), ('MW_LD_SHIM', '/usr/local/MATLAB/R2024a/bin/glnxa64/ld_shim.so.2.35.ubuntu_22_04'), ('SNAP_USER_DATA', '/home/nimai/snap/code/157'), ('GTK_PATH', '/snap/code/157/usr/lib/x86_64-linux-gnu/gtk-3.0'), ('VSCODE_IPC_HOOK', '/run/user/1000/vscode-4851b5d9-1.88-main.sock'), ('GTK_IM_MODULE_FILE', '/home/nimai/snap/code/common/.cache/immodules/immodules.cache'), ('ROS_PYTHON_VERSION', '3'), ('GNOME_SHELL_SESSION_MODE', 'ubuntu'), ('GTK_MODULES', 'gail:atk-bridge'), ('KMP_BLOCKTIME', '1'), ('PS1', '(venv)'), ('ELECTRON_NO_ASAR', '1'), ('ROS_IP', '10.192.164.236'), ('LIBVA_MESSAGING_LEVEL', '0'), ('MANAGERPID', '933'), ('SYSTEMD_EXEC_PID', '1320'), ('DBUS_SESSION_BUS_ADDRESS', 'unix:path=/run/user/1000/bus'), ('SNAP_REVISION', '157'), ('COLORTERM', 'truecolor'), ('TERMINATOR_DBUS_NAME', 'net.tenshu.Terminator25ef4b219e3b005583550f2b0f9f990c3'), ('GIO_LAUNCHED_DESKTOP_FILE_PID', '35465'), ('VSCODE_CRASH_REPORTER_PROCESS_TYPE', 'extensionHost'), ('CUSTOM_SITE_PACKAGES_PATH', ''), ('IM_CONFIG_PHASE', '1'), ('WAYLAND_DISPLAY', 'wayland-0'), ('COLCON_PREFIX_PATH', '/home/nimai/ros2_sonia_ws/src/sonia_common_ros2/matlab_msg_gen/glnxa64/install:/usr/local/MATLAB/R2024a/sys/ros2/glnxa64/ros2:/usr/local/MATLAB/R2024a/sys/ros2/glnxa64/ros2'), ('MWAPIKEY', 'bVU8GKr.qEE~~mIVkDIqqQKPe9LNm1cuvxE8eduffQ_HOLqo-1PMCJB8IVGGSBFWPXSzdjqj5Zck~rif.oHtpUMPBWMirqE~oaoteiDy03mtcrjyEIBRa86iL5Zs0AyusN27fHmxB-BU7hkPV05J6cdbNa9X1L2GKORWxtlmC6TRLc3Ea2o~NHbvfrlmA02DfHh0fRshhy4YCeL2dE8aV9bpS3Ed1r0P3Ta9F5TkB9boUMaahuK0T1K7sldnP_myP9Zsmj~F0JiQzlobYUs7oG2d48mFniCFVwBWXQqwfqE2DkgtJ5GlqJrDXzmdQg4WNj.BEO4VzY4aD7Zgd__vuOpyYRw6iPiaBWxa4qkoTftee60Bi0lf2~2TGOJMsizE63U3m.mNAkViDK5-AumurnhU.iqcN3CJ6d3Rxt1CfYGy9eQ7PzBx-CCOsukceuFvQ5ot5GHmneRfKg0BnyPyg~FHtss92Fk.eE_igAQ-CrvVjxQhNZSFgamYUsajdyDPcLSmFD.wIMONJ5JZ7MK7a3hmQkudu9soighEJQiWOf15Lc~pd9dpOqF~5bBekXWWbkMvaaM2A08DIlFTKwmq3hwdDurcNonfT114qRy-_B8qrEkXi_7BiIwxUP1u.6-K6enOBmpt4g9Dg21TmJnxEXW.F-uRjZCDYZqfDJTyfXi6HctorsO9qSPFJVQm32LdWRqM4Mrc2I8Om20LFwIg2PrycW0Z0B5kNySF5ZaokHFGTEY4_Ea0tcYUQOhDh137on5~21mdx45sRjU-GBGmaWfrnZAPlHJY6EIjyBcD9~ZswjW8TBp_qMW~_JPMGVOvrT8xYW.7lkutO9J8ryLWR3f5osq6c4KM24mg2t3MbO8OkB5Nzy.N1_W7Dd_1l93PwiBb6FUwAs~EqyjoUTMod3eIj2wrXJwkhk8YzTaPIar4wMS7dZgdfR.PI24QlhyFPKmcJtAzHuZKfVVq2Rot9oeUiVM.JWrOAiuDhDdcraNbNAT40ClY~3Cwcw8ooPiJ'), ('ROS_DISTRO', 'humble'), ('LOGNAME', 'nimai'), ('MATLAB_MEM_MGR_VALUE', ''), ('ROS_WS_SETUP', '/opt/ros/humble/setup.bash'), ('SNAP_CONTEXT', 'dweeeN9gGlfCbhmsGyC6Kvhu3YkLnoaHvJ1HEDWbVqxLLZU8TS8U'), ('JOURNAL_STREAM', '8:31781'), ('_', '/home/nimai/.matlab/R2024a/ros2/glnxa64/venv/bin/colcon'), ('ROS_VERSION', '2'), ('XDG_CONFIG_DIRS_VSCODE_SNAP_ORIG', '/etc/xdg/xdg-ubuntu:/etc/xdg'), ('PKG_CONFIG_PATH', '/usr/local/MATLAB/R2024a/sys/ros2/glnxa64/ros2/lib/pkgconfig'), ('XDG_SESSION_CLASS', 'user'), ('SNAP_VERSION', 'e170252f'), ('XDG_DATA_DIRS_VSCODE_SNAP_ORIG', '/usr/share/ubuntu:/usr/local/share/:/usr/share/:/var/lib/snapd/desktop'), ('USERNAME', 'nimai'), ('TERM', 'xterm-256color'), ('GNOME_DESKTOP_SESSION_ID', 'this-is-deprecated'), ('SNAP_INSTANCE_NAME', 'code'), ('ROS_LOCALHOST_ONLY', '0'), ('AUV7_IP', '192.168.0.11'), ('AUV8_IP', '192.168.0.31'), ('PATH', '/usr/local/MATLAB/R2024a/bin/glnxa64/cmake/bin::/usr/local/MATLAB/R2024a/sys/ros2/glnxa64/ros2/bin:/home/nimai/.matlab/R2024a/ros2/glnxa64/venv/bin:/home/nimai/.matlab/R2024a/ros2/glnxa64/venv/bin:/usr/local/MATLAB/R2024a/toolbox/shared/coder/ninja/glnxa64:/home/nimai/ros2_sonia_ws/install/behaviortree_cpp/bin:/opt/ros/humble/bin:/usr/local/sbin:/usr/local/bin:/usr/sbin:/usr/bin:/sbin:/bin:/usr/games:/usr/local/games:/snap/bin:/snap/bin'), ('SESSION_MANAGER', 'local/nimai-specter:@/tmp/.ICE-unix/1080,unix/nimai-specter:/tmp/.ICE-unix/1080'), ('VSCODE_AMD_ENTRYPOINT', 'vs/workbench/api/node/extensionHostProcess'), ('GTK_EXE_PREFIX', '/snap/code/157/usr'), ('INVOCATION_ID', '787a178defe64be4829b4ac2d045d1d9'), ('XDG_MENU_PREFIX', 'gnome-'), ('GNOME_SETUP_DISPLAY', ':1'), ('SNAP_DATA', '/var/snap/code/157'), ('XDG_RUNTIME_DIR', '/run/user/1000'), ('GDK_BACKEND', 'x11'), ('TOOLBOX', '/usr/local/MATLAB/R2024a/toolbox'), ('MKL_DOMAIN_NUM_THREADS', ''), ('KMP_INIT_AT_FORK', 'false'), ('DISPLAY', ':0'), ('LOCPATH', '/snap/code/157/usr/lib/locale'), ('TERMINATOR_DBUS_PATH', '/net/tenshu/Terminator2'), ('LD_PRELOAD', ''), ('LANG', 'en_CA.UTF-8'), ('XDG_CURRENT_DESKTOP', 'Unity'), ('PRE_LD_PRELOAD', ''), ('IBUS_DISABLE_SNOOPER', '1'), ('VIRTUAL_ENV_PROMPT', '(venv)'), ('XMODIFIERS', '@im=ibus'), ('XDG_SESSION_DESKTOP', 'ubuntu'), ('XAUTHORITY', '/run/user/1000/.mutter-Xwaylandauth.GC2JM2'), ('LS_COLORS', 'rs=0:di=01;34:ln=01;36:mh=00:pi=40;33:so=01;35:do=01;35:bd=40;33;01:cd=40;33;01:or=40;31;01:mi=00:su=37;41:sg=30;43:ca=30;41:tw=30;42:ow=34;42:st=37;44:ex=01;32:*.tar=01;31:*.tgz=01;31:*.arc=01;31:*.arj=01;31:*.taz=01;31:*.lha=01;31:*.lz4=01;31:*.lzh=01;31:*.lzma=01;31:*.tlz=01;31:*.txz=01;31:*.tzo=01;31:*.t7z=01;31:*.zip=01;31:*.z=01;31:*.dz=01;31:*.gz=01;31:*.lrz=01;31:*.lz=01;31:*.lzo=01;31:*.xz=01;31:*.zst=01;31:*.tzst=01;31:*.bz2=01;31:*.bz=01;31:*.tbz=01;31:*.tbz2=01;31:*.tz=01;31:*.deb=01;31:*.rpm=01;31:*.jar=01;31:*.war=01;31:*.ear=01;31:*.sar=01;31:*.rar=01;31:*.alz=01;31:*.ace=01;31:*.zoo=01;31:*.cpio=01;31:*.7z=01;31:*.rz=01;31:*.cab=01;31:*.wim=01;31:*.swm=01;31:*.dwm=01;31:*.esd=01;31:*.jpg=01;35:*.jpeg=01;35:*.mjpg=01;35:*.mjpeg=01;35:*.gif=01;35:*.bmp=01;35:*.pbm=01;35:*.pgm=01;35:*.ppm=01;35:*.tga=01;35:*.xbm=01;35:*.xpm=01;35:*.tif=01;35:*.tiff=01;35:*.png=01;35:*.svg=01;35:*.svgz=01;35:*.mng=01;35:*.pcx=01;35:*.mov=01;35:*.mpg=01;35:*.mpeg=01;35:*.m2v=01;35:*.mkv=01;35:*.webm=01;35:*.webp=01;35:*.ogm=01;35:*.mp4=01;35:*.m4v=01;35:*.mp4v=01;35:*.vob=01;35:*.qt=01;35:*.nuv=01;35:*.wmv=01;35:*.asf=01;35:*.rm=01;35:*.rmvb=01;35:*.flc=01;35:*.avi=01;35:*.fli=01;35:*.flv=01;35:*.gl=01;35:*.dl=01;35:*.xcf=01;35:*.xwd=01;35:*.yuv=01;35:*.cgm=01;35:*.emf=01;35:*.ogv=01;35:*.ogx=01;35:*.aac=00;36:*.au=00;36:*.flac=00;36:*.m4a=00;36:*.mid=00;36:*.midi=00;36:*.mka=00;36:*.mp3=00;36:*.mpc=00;36:*.ogg=00;36:*.ra=00;36:*.wav=00;36:*.oga=00;36:*.opus=00;36:*.spx=00;36:*.xspf=00;36:'), ('SSH_AGENT_LAUNCHER', 'gnome-keyring'), ('SNAP_USER_COMMON', '/home/nimai/snap/code/common'), ('SSH_AUTH_SOCK', '/run/user/1000/keyring/ssh'), ('GSETTINGS_SCHEMA_DIR', '/home/nimai/snap/code/157/.local/share/glib-2.0/schemas'), ('SNAP_ARCH', 'amd64'), ('AMENT_PREFIX_PATH', '/home/nimai/ros2_sonia_ws/src/sonia_common_ros2/matlab_msg_gen/glnxa64/install:/usr/local/MATLAB/R2024a/sys/ros2/glnxa64/ros2:/usr/local/MATLAB/R2024a/sys/ros2/glnxa64/ros2'), ('SNAP_COOKIE', 'dweeeN9gGlfCbhmsGyC6Kvhu3YkLnoaHvJ1HEDWbVqxLLZU8TS8U'), ('ORIGINAL_XDG_CURRENT_DESKTOP', 'ubuntu:GNOME'), ('SHELL', '/bin/bash'), ('TERMINATOR_UUID', 'urn:uuid:243c8e21-9628-4c21-b20d-d0ef680b4e92'), ('CMAKE_PATH', '/usr/local/MATLAB/R2024a/bin/glnxa64/cmake/bin'), ('GDK_PIXBUF_MODULEDIR', '/snap/code/157/usr/lib/x86_64-linux-gnu/gdk-pixbuf-2.0/2.10.0/loaders'), ('XFILESEARCHPATH', '/usr/local/MATLAB/R2024a/sys/java/jre/glnxa64/jre/lib/locale/%L/%T/%N%S:'), ('QT_ACCESSIBILITY', '1'), ('ELECTRON_RUN_AS_NODE', '1'), ('NO_AT_BRIDGE', '1'), ('ROS_MASTER_URI', 'http://localhost:11311/'), ('GDMSESSION', 'ubuntu'), ('LESSCLOSE', '/usr/bin/lesspipe %s %s'), ('SNAP_NAME', 'code'), ('OSG_LD_LIBRARY_PATH', '/usr/local/MATLAB/R2024a/sys/openscenegraph/lib/glnxa64'), ('GDK_PIXBUF_MODULE_FILE', '/home/nimai/snap/code/common/.cache/gdk-pixbuf-loaders.cache'), ('VIRTUAL_ENV', '/home/nimai/.matlab/R2024a/ros2/glnxa64/venv'), ('SNAP_LAUNCHER_ARCH_TRIPLET', 'x86_64-linux-gnu'), ('CUSTOM_PATH', ''), ('KMP_STACKSIZE', '512k'), ('QT_IM_MODULE', 'ibus'), ('ROS_SONIA_WS', '/home/nimai/ros2_sonia_ws'), ('PWD', '/home/nimai/ros2_sonia_ws/src/sonia_common_ros2/matlab_msg_gen/glnxa64/build/sonia_common_ros2'), ('VSCODE_CLI', '1'), ('XDG_CONFIG_DIRS', '/etc/xdg/xdg-ubuntu:/etc/xdg'), ('SNAP_REAL_HOME', '/home/nimai'), ('VSCODE_CODE_CACHE_PATH', '/home/nimai/.config/Code/CachedData/e170252f762678dec6ca2cc69aba1570769a5d39'), ('DYLD_LIBRARY_PATH', ':/usr/local/MATLAB/R2024a/sys/ros2/glnxa64/ros2/lib:'), ('XDG_DATA_DIRS', '/home/nimai/snap/code/157/.local/share:/home/nimai/snap/code/157:/snap/code/157/usr/share:/usr/share/ubuntu:/usr/local/share/:/usr/share/:/var/lib/snapd/desktop'), ('MKL_NUM_THREADS', ''), ('MW_PATCH_OFFSETS', '0000117000002EA0'), ('SNAP_EUID', '1000'), ('PYTHONPATH', ':/usr/local/MATLAB/R2024a/sys/ros2/glnxa64/ros2/lib/python3.9/site-packages:/home/nimai/.matlab/R2024a/ros2/glnxa64/venv/lib/python3.10/site-packages:/home/nimai/ros2_sonia_ws/install/sonia_common_ros2/local/lib/python3.10/dist-packages:/home/nimai/ros2_sonia_ws/install/sonia_common_py/lib/python3.10/site-packages:/home/nimai/ros2_sonia_ws/install/rqt_toolbar/lib/python3.10/site-packages:/home/nimai/ros2_sonia_ws/install/rqt_actuator/lib/python3.10/site-packages:/home/nimai/ros2_sonia_ws/install/btcpp_ros2_interfaces/local/lib/python3.10/dist-packages:/opt/ros/humble/lib/python3.10/site-packages:/opt/ros/humble/local/lib/python3.10/dist-packages'), ('SNAP', '/snap/code/157'), ('LC_NUMERIC', 'C'), ('COLCON', '1'), ('VTE_VERSION', '6800'), ('ROS_HOME', '/home/nimai/ros2_sonia_ws'), ('ELECTRON_NO_ATTACH_CONSOLE', '1'), ('CMAKE_PREFIX_PATH', '/home/nimai/ros2_sonia_ws/src/sonia_common_ros2/matlab_msg_gen/glnxa64/install:/usr/local/MATLAB/R2024a/sys/ros2/glnxa64/ros2:/usr/local/MATLAB/R2024a/sys/ros2/glnxa64/ros2'), ('VSCODE_PID', '35874')]), 'shell': False}
[57.357576] (sonia_common_ros2) StdoutLine: {'line': b'-- Install configuration: "Release"\n'}
[57.357800] (sonia_common_ros2) StdoutLine: {'line': b'-- Up-to-date: /home/nimai/ros2_sonia_ws/src/sonia_common_ros2/matlab_msg_gen/glnxa64/install/share/ament_index/resource_index/rosidl_interfaces/sonia_common_ros2\n'}
[57.358109] (sonia_common_ros2) StdoutLine: {'line': b'-- Up-to-date: /home/nimai/ros2_sonia_ws/src/sonia_common_ros2/matlab_msg_gen/glnxa64/install/include/sonia_common_ros2/sonia_common_ros2\n'}
[57.358217] (sonia_common_ros2) StdoutLine: {'line': b'-- Up-to-date: /home/nimai/ros2_sonia_ws/src/sonia_common_ros2/matlab_msg_gen/glnxa64/install/include/sonia_common_ros2/sonia_common_ros2/msg\n'}
[57.358307] (sonia_common_ros2) StdoutLine: {'line': b'-- Installing: /home/nimai/ros2_sonia_ws/src/sonia_common_ros2/matlab_msg_gen/glnxa64/install/include/sonia_common_ros2/sonia_common_ros2/msg/serial_message.h\n'}
[57.358518] (sonia_common_ros2) StdoutLine: {'line': b'-- Up-to-date: /home/nimai/ros2_sonia_ws/src/sonia_common_ros2/matlab_msg_gen/glnxa64/install/include/sonia_common_ros2/sonia_common_ros2/msg/rosidl_generator_c__visibility_control.h\n'}
[57.358758] (sonia_common_ros2) StdoutLine: {'line': b'-- Up-to-date: /home/nimai/ros2_sonia_ws/src/sonia_common_ros2/matlab_msg_gen/glnxa64/install/include/sonia_common_ros2/sonia_common_ros2/msg/detail\n'}
[57.358854] (sonia_common_ros2) StdoutLine: {'line': b'-- Installing: /home/nimai/ros2_sonia_ws/src/sonia_common_ros2/matlab_msg_gen/glnxa64/install/include/sonia_common_ros2/sonia_common_ros2/msg/detail/kill_status__functions.h\n'}
[57.358992] (sonia_common_ros2) StdoutLine: {'line': b'-- Installing: /home/nimai/ros2_sonia_ws/src/sonia_common_ros2/matlab_msg_gen/glnxa64/install/include/sonia_common_ros2/sonia_common_ros2/msg/detail/serial_message__struct.h\n'}
[57.359235] (sonia_common_ros2) StdoutLine: {'line': b'-- Installing: /home/nimai/ros2_sonia_ws/src/sonia_common_ros2/matlab_msg_gen/glnxa64/install/include/sonia_common_ros2/sonia_common_ros2/msg/detail/obstacle_info__type_support.h\n'}
[57.359505] (sonia_common_ros2) StdoutLine: {'line': b'-- Installing: /home/nimai/ros2_sonia_ws/src/sonia_common_ros2/matlab_msg_gen/glnxa64/install/include/sonia_common_ros2/sonia_common_ros2/msg/detail/mission_status__type_support.h\n'}
[57.359762] (sonia_common_ros2) StdoutLine: {'line': b'-- Installing: /home/nimai/ros2_sonia_ws/src/sonia_common_ros2/matlab_msg_gen/glnxa64/install/include/sonia_common_ros2/sonia_common_ros2/msg/detail/obstacle_array__functions.h\n'}
[57.360058] (sonia_common_ros2) StdoutLine: {'line': b'-- Installing: /home/nimai/ros2_sonia_ws/src/sonia_common_ros2/matlab_msg_gen/glnxa64/install/include/sonia_common_ros2/sonia_common_ros2/msg/detail/obstacle_array__struct.h\n'}
[57.360329] (sonia_common_ros2) StdoutLine: {'line': b'-- Installing: /home/nimai/ros2_sonia_ws/src/sonia_common_ros2/matlab_msg_gen/glnxa64/install/include/sonia_common_ros2/sonia_common_ros2/msg/detail/mission_status__struct.h\n'}
[57.360560] (sonia_common_ros2) StdoutLine: {'line': b'-- Installing: /home/nimai/ros2_sonia_ws/src/sonia_common_ros2/matlab_msg_gen/glnxa64/install/include/sonia_common_ros2/sonia_common_ros2/msg/detail/serial_message__type_support.h\n'}
[57.360812] (sonia_common_ros2) StdoutLine: {'line': b'-- Installing: /home/nimai/ros2_sonia_ws/src/sonia_common_ros2/matlab_msg_gen/glnxa64/install/include/sonia_common_ros2/sonia_common_ros2/msg/detail/pose__type_support.h\n'}
[57.361111] (sonia_common_ros2) StdoutLine: {'line': b'-- Installing: /home/nimai/ros2_sonia_ws/src/sonia_common_ros2/matlab_msg_gen/glnxa64/install/include/sonia_common_ros2/sonia_common_ros2/msg/detail/pose_array__functions.c\n'}
[57.361387] (sonia_common_ros2) StdoutLine: {'line': b'-- Installing: /home/nimai/ros2_sonia_ws/src/sonia_common_ros2/matlab_msg_gen/glnxa64/install/include/sonia_common_ros2/sonia_common_ros2/msg/detail/pose_array__functions.h\n'}
[57.361638] (sonia_common_ros2) StdoutLine: {'line': b'-- Installing: /home/nimai/ros2_sonia_ws/src/sonia_common_ros2/matlab_msg_gen/glnxa64/install/include/sonia_common_ros2/sonia_common_ros2/msg/detail/kill_status__type_support.h\n'}
[57.361910] (sonia_common_ros2) StdoutLine: {'line': b'-- Installing: /home/nimai/ros2_sonia_ws/src/sonia_common_ros2/matlab_msg_gen/glnxa64/install/include/sonia_common_ros2/sonia_common_ros2/msg/detail/obstacle_info__functions.h\n'}
[57.362169] (sonia_common_ros2) StdoutLine: {'line': b'-- Installing: /home/nimai/ros2_sonia_ws/src/sonia_common_ros2/matlab_msg_gen/glnxa64/install/include/sonia_common_ros2/sonia_common_ros2/msg/detail/obstacle_array__functions.c\n'}
[57.362485] (sonia_common_ros2) StdoutLine: {'line': b'-- Installing: /home/nimai/ros2_sonia_ws/src/sonia_common_ros2/matlab_msg_gen/glnxa64/install/include/sonia_common_ros2/sonia_common_ros2/msg/detail/serial_message__functions.h\n'}
[57.362745] (sonia_common_ros2) StdoutLine: {'line': b'-- Installing: /home/nimai/ros2_sonia_ws/src/sonia_common_ros2/matlab_msg_gen/glnxa64/install/include/sonia_common_ros2/sonia_common_ros2/msg/detail/kill_status__struct.h\n'}
[57.362978] (sonia_common_ros2) StdoutLine: {'line': b'-- Installing: /home/nimai/ros2_sonia_ws/src/sonia_common_ros2/matlab_msg_gen/glnxa64/install/include/sonia_common_ros2/sonia_common_ros2/msg/detail/mission_status__functions.c\n'}
[57.363277] (sonia_common_ros2) StdoutLine: {'line': b'-- Installing: /home/nimai/ros2_sonia_ws/src/sonia_common_ros2/matlab_msg_gen/glnxa64/install/include/sonia_common_ros2/sonia_common_ros2/msg/detail/pose_array__struct.h\n'}
[57.363370] (-) TimerEvent: {}
[57.363549] (sonia_common_ros2) StdoutLine: {'line': b'-- Installing: /home/nimai/ros2_sonia_ws/src/sonia_common_ros2/matlab_msg_gen/glnxa64/install/include/sonia_common_ros2/sonia_common_ros2/msg/detail/obstacle_info__functions.c\n'}
[57.363822] (sonia_common_ros2) StdoutLine: {'line': b'-- Installing: /home/nimai/ros2_sonia_ws/src/sonia_common_ros2/matlab_msg_gen/glnxa64/install/include/sonia_common_ros2/sonia_common_ros2/msg/detail/obstacle_info__struct.h\n'}
[57.364036] (sonia_common_ros2) StdoutLine: {'line': b'-- Installing: /home/nimai/ros2_sonia_ws/src/sonia_common_ros2/matlab_msg_gen/glnxa64/install/include/sonia_common_ros2/sonia_common_ros2/msg/detail/serial_message__functions.c\n'}
[57.364389] (sonia_common_ros2) StdoutLine: {'line': b'-- Installing: /home/nimai/ros2_sonia_ws/src/sonia_common_ros2/matlab_msg_gen/glnxa64/install/include/sonia_common_ros2/sonia_common_ros2/msg/detail/pose_array__type_support.h\n'}
[57.364650] (sonia_common_ros2) StdoutLine: {'line': b'-- Installing: /home/nimai/ros2_sonia_ws/src/sonia_common_ros2/matlab_msg_gen/glnxa64/install/include/sonia_common_ros2/sonia_common_ros2/msg/detail/mission_status__functions.h\n'}
[57.364918] (sonia_common_ros2) StdoutLine: {'line': b'-- Installing: /home/nimai/ros2_sonia_ws/src/sonia_common_ros2/matlab_msg_gen/glnxa64/install/include/sonia_common_ros2/sonia_common_ros2/msg/detail/obstacle_array__type_support.h\n'}
[57.365251] (sonia_common_ros2) StdoutLine: {'line': b'-- Installing: /home/nimai/ros2_sonia_ws/src/sonia_common_ros2/matlab_msg_gen/glnxa64/install/include/sonia_common_ros2/sonia_common_ros2/msg/detail/pose__functions.c\n'}
[57.365505] (sonia_common_ros2) StdoutLine: {'line': b'-- Installing: /home/nimai/ros2_sonia_ws/src/sonia_common_ros2/matlab_msg_gen/glnxa64/install/include/sonia_common_ros2/sonia_common_ros2/msg/detail/kill_status__functions.c\n'}
[57.365713] (sonia_common_ros2) StdoutLine: {'line': b'-- Installing: /home/nimai/ros2_sonia_ws/src/sonia_common_ros2/matlab_msg_gen/glnxa64/install/include/sonia_common_ros2/sonia_common_ros2/msg/detail/pose__functions.h\n'}
[57.366058] (sonia_common_ros2) StdoutLine: {'line': b'-- Installing: /home/nimai/ros2_sonia_ws/src/sonia_common_ros2/matlab_msg_gen/glnxa64/install/include/sonia_common_ros2/sonia_common_ros2/msg/detail/pose__struct.h\n'}
[57.366260] (sonia_common_ros2) StdoutLine: {'line': b'-- Installing: /home/nimai/ros2_sonia_ws/src/sonia_common_ros2/matlab_msg_gen/glnxa64/install/include/sonia_common_ros2/sonia_common_ros2/msg/obstacle_array.h\n'}
[57.366509] (sonia_common_ros2) StdoutLine: {'line': b'-- Installing: /home/nimai/ros2_sonia_ws/src/sonia_common_ros2/matlab_msg_gen/glnxa64/install/include/sonia_common_ros2/sonia_common_ros2/msg/pose_array.h\n'}
[57.366794] (sonia_common_ros2) StdoutLine: {'line': b'-- Installing: /home/nimai/ros2_sonia_ws/src/sonia_common_ros2/matlab_msg_gen/glnxa64/install/include/sonia_common_ros2/sonia_common_ros2/msg/obstacle_info.h\n'}
[57.367020] (sonia_common_ros2) StdoutLine: {'line': b'-- Installing: /home/nimai/ros2_sonia_ws/src/sonia_common_ros2/matlab_msg_gen/glnxa64/install/include/sonia_common_ros2/sonia_common_ros2/msg/kill_status.h\n'}
[57.367246] (sonia_common_ros2) StdoutLine: {'line': b'-- Installing: /home/nimai/ros2_sonia_ws/src/sonia_common_ros2/matlab_msg_gen/glnxa64/install/include/sonia_common_ros2/sonia_common_ros2/msg/mission_status.h\n'}
[57.367492] (sonia_common_ros2) StdoutLine: {'line': b'-- Installing: /home/nimai/ros2_sonia_ws/src/sonia_common_ros2/matlab_msg_gen/glnxa64/install/include/sonia_common_ros2/sonia_common_ros2/msg/pose.h\n'}
[57.367753] (sonia_common_ros2) StdoutLine: {'line': b'-- Up-to-date: /home/nimai/ros2_sonia_ws/src/sonia_common_ros2/matlab_msg_gen/glnxa64/install/include/sonia_common_ros2/sonia_common_ros2/srv\n'}
[57.367897] (sonia_common_ros2) StdoutLine: {'line': b'-- Up-to-date: /home/nimai/ros2_sonia_ws/src/sonia_common_ros2/matlab_msg_gen/glnxa64/install/include/sonia_common_ros2/sonia_common_ros2/srv/detail\n'}
[57.368017] (sonia_common_ros2) StdoutLine: {'line': b'-- Installing: /home/nimai/ros2_sonia_ws/src/sonia_common_ros2/matlab_msg_gen/glnxa64/install/include/sonia_common_ros2/sonia_common_ros2/srv/detail/serial_service__type_support.h\n'}
[57.368227] (sonia_common_ros2) StdoutLine: {'line': b'-- Installing: /home/nimai/ros2_sonia_ws/src/sonia_common_ros2/matlab_msg_gen/glnxa64/install/include/sonia_common_ros2/sonia_common_ros2/srv/detail/serial_service__functions.c\n'}
[57.368509] (sonia_common_ros2) StdoutLine: {'line': b'-- Installing: /home/nimai/ros2_sonia_ws/src/sonia_common_ros2/matlab_msg_gen/glnxa64/install/include/sonia_common_ros2/sonia_common_ros2/srv/detail/dropper_service__struct.h\n'}
[57.368762] (sonia_common_ros2) StdoutLine: {'line': b'-- Installing: /home/nimai/ros2_sonia_ws/src/sonia_common_ros2/matlab_msg_gen/glnxa64/install/include/sonia_common_ros2/sonia_common_ros2/srv/detail/serial_service__struct.h\n'}
[57.369014] (sonia_common_ros2) StdoutLine: {'line': b'-- Installing: /home/nimai/ros2_sonia_ws/src/sonia_common_ros2/matlab_msg_gen/glnxa64/install/include/sonia_common_ros2/sonia_common_ros2/srv/detail/dropper_service__type_support.h\n'}
[57.369284] (sonia_common_ros2) StdoutLine: {'line': b'-- Installing: /home/nimai/ros2_sonia_ws/src/sonia_common_ros2/matlab_msg_gen/glnxa64/install/include/sonia_common_ros2/sonia_common_ros2/srv/detail/dropper_service__functions.c\n'}
[57.369564] (sonia_common_ros2) StdoutLine: {'line': b'-- Installing: /home/nimai/ros2_sonia_ws/src/sonia_common_ros2/matlab_msg_gen/glnxa64/install/include/sonia_common_ros2/sonia_common_ros2/srv/detail/serial_service__functions.h\n'}
[57.369908] (sonia_common_ros2) StdoutLine: {'line': b'-- Installing: /home/nimai/ros2_sonia_ws/src/sonia_common_ros2/matlab_msg_gen/glnxa64/install/include/sonia_common_ros2/sonia_common_ros2/srv/detail/dropper_service__functions.h\n'}
[57.370176] (sonia_common_ros2) StdoutLine: {'line': b'-- Installing: /home/nimai/ros2_sonia_ws/src/sonia_common_ros2/matlab_msg_gen/glnxa64/install/include/sonia_common_ros2/sonia_common_ros2/srv/dropper_service.h\n'}
[57.370427] (sonia_common_ros2) StdoutLine: {'line': b'-- Installing: /home/nimai/ros2_sonia_ws/src/sonia_common_ros2/matlab_msg_gen/glnxa64/install/include/sonia_common_ros2/sonia_common_ros2/srv/serial_service.h\n'}
[57.370739] (sonia_common_ros2) StdoutLine: {'line': b'-- Up-to-date: /home/nimai/ros2_sonia_ws/src/sonia_common_ros2/matlab_msg_gen/glnxa64/install/share/sonia_common_ros2/environment/library_path.sh\n'}
[57.370924] (sonia_common_ros2) StdoutLine: {'line': b'-- Installing: /home/nimai/ros2_sonia_ws/src/sonia_common_ros2/matlab_msg_gen/glnxa64/install/share/sonia_common_ros2/environment/library_path.dsv\n'}
[57.371196] (sonia_common_ros2) StdoutLine: {'line': b'-- Installing: /home/nimai/ros2_sonia_ws/src/sonia_common_ros2/matlab_msg_gen/glnxa64/install/lib/libsonia_common_ros2__rosidl_generator_c.so\n'}
[57.371749] (sonia_common_ros2) StdoutLine: {'line': b'-- Up-to-date: /home/nimai/ros2_sonia_ws/src/sonia_common_ros2/matlab_msg_gen/glnxa64/install/include/sonia_common_ros2/sonia_common_ros2\n'}
[57.371966] (sonia_common_ros2) StdoutLine: {'line': b'-- Up-to-date: /home/nimai/ros2_sonia_ws/src/sonia_common_ros2/matlab_msg_gen/glnxa64/install/include/sonia_common_ros2/sonia_common_ros2/msg\n'}
[57.372143] (sonia_common_ros2) StdoutLine: {'line': b'-- Up-to-date: /home/nimai/ros2_sonia_ws/src/sonia_common_ros2/matlab_msg_gen/glnxa64/install/include/sonia_common_ros2/sonia_common_ros2/msg/detail\n'}
[57.372279] (sonia_common_ros2) StdoutLine: {'line': b'-- Installing: /home/nimai/ros2_sonia_ws/src/sonia_common_ros2/matlab_msg_gen/glnxa64/install/include/sonia_common_ros2/sonia_common_ros2/msg/detail/serial_message__rosidl_typesupport_fastrtps_c.h\n'}
[57.372437] (sonia_common_ros2) StdoutLine: {'line': b'-- Installing: /home/nimai/ros2_sonia_ws/src/sonia_common_ros2/matlab_msg_gen/glnxa64/install/include/sonia_common_ros2/sonia_common_ros2/msg/detail/obstacle_info__rosidl_typesupport_fastrtps_c.h\n'}
[57.372614] (sonia_common_ros2) StdoutLine: {'line': b'-- Installing: /home/nimai/ros2_sonia_ws/src/sonia_common_ros2/matlab_msg_gen/glnxa64/install/include/sonia_common_ros2/sonia_common_ros2/msg/detail/pose__rosidl_typesupport_fastrtps_c.h\n'}
[57.372854] (sonia_common_ros2) StdoutLine: {'line': b'-- Installing: /home/nimai/ros2_sonia_ws/src/sonia_common_ros2/matlab_msg_gen/glnxa64/install/include/sonia_common_ros2/sonia_common_ros2/msg/detail/mission_status__rosidl_typesupport_fastrtps_c.h\n'}
[57.373151] (sonia_common_ros2) StdoutLine: {'line': b'-- Installing: /home/nimai/ros2_sonia_ws/src/sonia_common_ros2/matlab_msg_gen/glnxa64/install/include/sonia_common_ros2/sonia_common_ros2/msg/detail/pose_array__rosidl_typesupport_fastrtps_c.h\n'}
[57.373411] (sonia_common_ros2) StdoutLine: {'line': b'-- Installing: /home/nimai/ros2_sonia_ws/src/sonia_common_ros2/matlab_msg_gen/glnxa64/install/include/sonia_common_ros2/sonia_common_ros2/msg/detail/kill_status__rosidl_typesupport_fastrtps_c.h\n'}
[57.373642] (sonia_common_ros2) StdoutLine: {'line': b'-- Installing: /home/nimai/ros2_sonia_ws/src/sonia_common_ros2/matlab_msg_gen/glnxa64/install/include/sonia_common_ros2/sonia_common_ros2/msg/detail/obstacle_array__rosidl_typesupport_fastrtps_c.h\n'}
[57.373955] (sonia_common_ros2) StdoutLine: {'line': b'-- Up-to-date: /home/nimai/ros2_sonia_ws/src/sonia_common_ros2/matlab_msg_gen/glnxa64/install/include/sonia_common_ros2/sonia_common_ros2/msg/rosidl_typesupport_fastrtps_c__visibility_control.h\n'}
[57.374206] (sonia_common_ros2) StdoutLine: {'line': b'-- Up-to-date: /home/nimai/ros2_sonia_ws/src/sonia_common_ros2/matlab_msg_gen/glnxa64/install/include/sonia_common_ros2/sonia_common_ros2/srv\n'}
[57.374370] (sonia_common_ros2) StdoutLine: {'line': b'-- Up-to-date: /home/nimai/ros2_sonia_ws/src/sonia_common_ros2/matlab_msg_gen/glnxa64/install/include/sonia_common_ros2/sonia_common_ros2/srv/detail\n'}
[57.374507] (sonia_common_ros2) StdoutLine: {'line': b'-- Installing: /home/nimai/ros2_sonia_ws/src/sonia_common_ros2/matlab_msg_gen/glnxa64/install/include/sonia_common_ros2/sonia_common_ros2/srv/detail/serial_service__rosidl_typesupport_fastrtps_c.h\n'}
[57.374595] (sonia_common_ros2) StdoutLine: {'line': b'-- Installing: /home/nimai/ros2_sonia_ws/src/sonia_common_ros2/matlab_msg_gen/glnxa64/install/include/sonia_common_ros2/sonia_common_ros2/srv/detail/dropper_service__rosidl_typesupport_fastrtps_c.h\n'}
[57.374801] (sonia_common_ros2) StdoutLine: {'line': b'-- Installing: /home/nimai/ros2_sonia_ws/src/sonia_common_ros2/matlab_msg_gen/glnxa64/install/lib/libsonia_common_ros2__rosidl_typesupport_fastrtps_c.so\n'}
[57.375339] (sonia_common_ros2) StdoutLine: {'line': b'-- Up-to-date: /home/nimai/ros2_sonia_ws/src/sonia_common_ros2/matlab_msg_gen/glnxa64/install/include/sonia_common_ros2/sonia_common_ros2\n'}
[57.375453] (sonia_common_ros2) StdoutLine: {'line': b'-- Up-to-date: /home/nimai/ros2_sonia_ws/src/sonia_common_ros2/matlab_msg_gen/glnxa64/install/include/sonia_common_ros2/sonia_common_ros2/msg\n'}
[57.375565] (sonia_common_ros2) StdoutLine: {'line': b'-- Up-to-date: /home/nimai/ros2_sonia_ws/src/sonia_common_ros2/matlab_msg_gen/glnxa64/install/include/sonia_common_ros2/sonia_common_ros2/msg/detail\n'}
[57.375673] (sonia_common_ros2) StdoutLine: {'line': b'-- Installing: /home/nimai/ros2_sonia_ws/src/sonia_common_ros2/matlab_msg_gen/glnxa64/install/include/sonia_common_ros2/sonia_common_ros2/msg/detail/pose__rosidl_typesupport_introspection_c.h\n'}
[57.375930] (sonia_common_ros2) StdoutLine: {'line': b'-- Installing: /home/nimai/ros2_sonia_ws/src/sonia_common_ros2/matlab_msg_gen/glnxa64/install/include/sonia_common_ros2/sonia_common_ros2/msg/detail/obstacle_array__rosidl_typesupport_introspection_c.h\n'}
[57.376245] (sonia_common_ros2) StdoutLine: {'line': b'-- Installing: /home/nimai/ros2_sonia_ws/src/sonia_common_ros2/matlab_msg_gen/glnxa64/install/include/sonia_common_ros2/sonia_common_ros2/msg/detail/pose_array__type_support.c\n'}
[57.376524] (sonia_common_ros2) StdoutLine: {'line': b'-- Installing: /home/nimai/ros2_sonia_ws/src/sonia_common_ros2/matlab_msg_gen/glnxa64/install/include/sonia_common_ros2/sonia_common_ros2/msg/detail/pose__type_support.c\n'}
[57.376804] (sonia_common_ros2) StdoutLine: {'line': b'-- Installing: /home/nimai/ros2_sonia_ws/src/sonia_common_ros2/matlab_msg_gen/glnxa64/install/include/sonia_common_ros2/sonia_common_ros2/msg/detail/obstacle_array__type_support.c\n'}
[57.377099] (sonia_common_ros2) StdoutLine: {'line': b'-- Installing: /home/nimai/ros2_sonia_ws/src/sonia_common_ros2/matlab_msg_gen/glnxa64/install/include/sonia_common_ros2/sonia_common_ros2/msg/detail/serial_message__rosidl_typesupport_introspection_c.h\n'}
[57.377368] (sonia_common_ros2) StdoutLine: {'line': b'-- Installing: /home/nimai/ros2_sonia_ws/src/sonia_common_ros2/matlab_msg_gen/glnxa64/install/include/sonia_common_ros2/sonia_common_ros2/msg/detail/obstacle_info__rosidl_typesupport_introspection_c.h\n'}
[57.377635] (sonia_common_ros2) StdoutLine: {'line': b'-- Installing: /home/nimai/ros2_sonia_ws/src/sonia_common_ros2/matlab_msg_gen/glnxa64/install/include/sonia_common_ros2/sonia_common_ros2/msg/detail/obstacle_info__type_support.c\n'}
[57.377922] (sonia_common_ros2) StdoutLine: {'line': b'-- Installing: /home/nimai/ros2_sonia_ws/src/sonia_common_ros2/matlab_msg_gen/glnxa64/install/include/sonia_common_ros2/sonia_common_ros2/msg/detail/kill_status__type_support.c\n'}
[57.378163] (sonia_common_ros2) StdoutLine: {'line': b'-- Installing: /home/nimai/ros2_sonia_ws/src/sonia_common_ros2/matlab_msg_gen/glnxa64/install/include/sonia_common_ros2/sonia_common_ros2/msg/detail/pose_array__rosidl_typesupport_introspection_c.h\n'}
[57.378419] (sonia_common_ros2) StdoutLine: {'line': b'-- Installing: /home/nimai/ros2_sonia_ws/src/sonia_common_ros2/matlab_msg_gen/glnxa64/install/include/sonia_common_ros2/sonia_common_ros2/msg/detail/mission_status__rosidl_typesupport_introspection_c.h\n'}
[57.378684] (sonia_common_ros2) StdoutLine: {'line': b'-- Installing: /home/nimai/ros2_sonia_ws/src/sonia_common_ros2/matlab_msg_gen/glnxa64/install/include/sonia_common_ros2/sonia_common_ros2/msg/detail/mission_status__type_support.c\n'}
[57.379000] (sonia_common_ros2) StdoutLine: {'line': b'-- Installing: /home/nimai/ros2_sonia_ws/src/sonia_common_ros2/matlab_msg_gen/glnxa64/install/include/sonia_common_ros2/sonia_common_ros2/msg/detail/kill_status__rosidl_typesupport_introspection_c.h\n'}
[57.379227] (sonia_common_ros2) StdoutLine: {'line': b'-- Installing: /home/nimai/ros2_sonia_ws/src/sonia_common_ros2/matlab_msg_gen/glnxa64/install/include/sonia_common_ros2/sonia_common_ros2/msg/detail/serial_message__type_support.c\n'}
[57.379551] (sonia_common_ros2) StdoutLine: {'line': b'-- Up-to-date: /home/nimai/ros2_sonia_ws/src/sonia_common_ros2/matlab_msg_gen/glnxa64/install/include/sonia_common_ros2/sonia_common_ros2/msg/rosidl_typesupport_introspection_c__visibility_control.h\n'}
[57.379774] (sonia_common_ros2) StdoutLine: {'line': b'-- Up-to-date: /home/nimai/ros2_sonia_ws/src/sonia_common_ros2/matlab_msg_gen/glnxa64/install/include/sonia_common_ros2/sonia_common_ros2/srv\n'}
[57.379967] (sonia_common_ros2) StdoutLine: {'line': b'-- Up-to-date: /home/nimai/ros2_sonia_ws/src/sonia_common_ros2/matlab_msg_gen/glnxa64/install/include/sonia_common_ros2/sonia_common_ros2/srv/detail\n'}
[57.380158] (sonia_common_ros2) StdoutLine: {'line': b'-- Installing: /home/nimai/ros2_sonia_ws/src/sonia_common_ros2/matlab_msg_gen/glnxa64/install/include/sonia_common_ros2/sonia_common_ros2/srv/detail/serial_service__type_support.c\n'}
[57.380297] (sonia_common_ros2) StdoutLine: {'line': b'-- Installing: /home/nimai/ros2_sonia_ws/src/sonia_common_ros2/matlab_msg_gen/glnxa64/install/include/sonia_common_ros2/sonia_common_ros2/srv/detail/dropper_service__rosidl_typesupport_introspection_c.h\n'}
[57.380482] (sonia_common_ros2) StdoutLine: {'line': b'-- Installing: /home/nimai/ros2_sonia_ws/src/sonia_common_ros2/matlab_msg_gen/glnxa64/install/include/sonia_common_ros2/sonia_common_ros2/srv/detail/dropper_service__type_support.c\n'}
[57.380665] (sonia_common_ros2) StdoutLine: {'line': b'-- Installing: /home/nimai/ros2_sonia_ws/src/sonia_common_ros2/matlab_msg_gen/glnxa64/install/include/sonia_common_ros2/sonia_common_ros2/srv/detail/serial_service__rosidl_typesupport_introspection_c.h\n'}
[57.380968] (sonia_common_ros2) StdoutLine: {'line': b'-- Installing: /home/nimai/ros2_sonia_ws/src/sonia_common_ros2/matlab_msg_gen/glnxa64/install/lib/libsonia_common_ros2__rosidl_typesupport_introspection_c.so\n'}
[57.381497] (sonia_common_ros2) StdoutLine: {'line': b'-- Installing: /home/nimai/ros2_sonia_ws/src/sonia_common_ros2/matlab_msg_gen/glnxa64/install/lib/libsonia_common_ros2__rosidl_typesupport_c.so\n'}
[57.382006] (sonia_common_ros2) StdoutLine: {'line': b'-- Up-to-date: /home/nimai/ros2_sonia_ws/src/sonia_common_ros2/matlab_msg_gen/glnxa64/install/include/sonia_common_ros2/sonia_common_ros2\n'}
[57.382218] (sonia_common_ros2) StdoutLine: {'line': b'-- Up-to-date: /home/nimai/ros2_sonia_ws/src/sonia_common_ros2/matlab_msg_gen/glnxa64/install/include/sonia_common_ros2/sonia_common_ros2/msg\n'}
[57.382320] (sonia_common_ros2) StdoutLine: {'line': b'-- Installing: /home/nimai/ros2_sonia_ws/src/sonia_common_ros2/matlab_msg_gen/glnxa64/install/include/sonia_common_ros2/sonia_common_ros2/msg/obstacle_info.hpp\n'}
[57.382501] (sonia_common_ros2) StdoutLine: {'line': b'-- Up-to-date: /home/nimai/ros2_sonia_ws/src/sonia_common_ros2/matlab_msg_gen/glnxa64/install/include/sonia_common_ros2/sonia_common_ros2/msg/detail\n'}
[57.382679] (sonia_common_ros2) StdoutLine: {'line': b'-- Installing: /home/nimai/ros2_sonia_ws/src/sonia_common_ros2/matlab_msg_gen/glnxa64/install/include/sonia_common_ros2/sonia_common_ros2/msg/detail/serial_message__traits.hpp\n'}
[57.382855] (sonia_common_ros2) StdoutLine: {'line': b'-- Installing: /home/nimai/ros2_sonia_ws/src/sonia_common_ros2/matlab_msg_gen/glnxa64/install/include/sonia_common_ros2/sonia_common_ros2/msg/detail/obstacle_info__traits.hpp\n'}
[57.383060] (sonia_common_ros2) StdoutLine: {'line': b'-- Installing: /home/nimai/ros2_sonia_ws/src/sonia_common_ros2/matlab_msg_gen/glnxa64/install/include/sonia_common_ros2/sonia_common_ros2/msg/detail/serial_message__builder.hpp\n'}
[57.383321] (sonia_common_ros2) StdoutLine: {'line': b'-- Installing: /home/nimai/ros2_sonia_ws/src/sonia_common_ros2/matlab_msg_gen/glnxa64/install/include/sonia_common_ros2/sonia_common_ros2/msg/detail/pose_array__traits.hpp\n'}
[57.383582] (sonia_common_ros2) StdoutLine: {'line': b'-- Installing: /home/nimai/ros2_sonia_ws/src/sonia_common_ros2/matlab_msg_gen/glnxa64/install/include/sonia_common_ros2/sonia_common_ros2/msg/detail/obstacle_array__builder.hpp\n'}
[57.383844] (sonia_common_ros2) StdoutLine: {'line': b'-- Installing: /home/nimai/ros2_sonia_ws/src/sonia_common_ros2/matlab_msg_gen/glnxa64/install/include/sonia_common_ros2/sonia_common_ros2/msg/detail/pose__traits.hpp\n'}
[57.384145] (sonia_common_ros2) StdoutLine: {'line': b'-- Installing: /home/nimai/ros2_sonia_ws/src/sonia_common_ros2/matlab_msg_gen/glnxa64/install/include/sonia_common_ros2/sonia_common_ros2/msg/detail/kill_status__builder.hpp\n'}
[57.384404] (sonia_common_ros2) StdoutLine: {'line': b'-- Installing: /home/nimai/ros2_sonia_ws/src/sonia_common_ros2/matlab_msg_gen/glnxa64/install/include/sonia_common_ros2/sonia_common_ros2/msg/detail/pose_array__builder.hpp\n'}
[57.384642] (sonia_common_ros2) StdoutLine: {'line': b'-- Installing: /home/nimai/ros2_sonia_ws/src/sonia_common_ros2/matlab_msg_gen/glnxa64/install/include/sonia_common_ros2/sonia_common_ros2/msg/detail/mission_status__traits.hpp\n'}
[57.384898] (sonia_common_ros2) StdoutLine: {'line': b'-- Installing: /home/nimai/ros2_sonia_ws/src/sonia_common_ros2/matlab_msg_gen/glnxa64/install/include/sonia_common_ros2/sonia_common_ros2/msg/detail/pose__struct.hpp\n'}
[57.385200] (sonia_common_ros2) StdoutLine: {'line': b'-- Installing: /home/nimai/ros2_sonia_ws/src/sonia_common_ros2/matlab_msg_gen/glnxa64/install/include/sonia_common_ros2/sonia_common_ros2/msg/detail/mission_status__struct.hpp\n'}
[57.385433] (sonia_common_ros2) StdoutLine: {'line': b'-- Installing: /home/nimai/ros2_sonia_ws/src/sonia_common_ros2/matlab_msg_gen/glnxa64/install/include/sonia_common_ros2/sonia_common_ros2/msg/detail/pose_array__struct.hpp\n'}
[57.385705] (sonia_common_ros2) StdoutLine: {'line': b'-- Installing: /home/nimai/ros2_sonia_ws/src/sonia_common_ros2/matlab_msg_gen/glnxa64/install/include/sonia_common_ros2/sonia_common_ros2/msg/detail/kill_status__struct.hpp\n'}
[57.385972] (sonia_common_ros2) StdoutLine: {'line': b'-- Installing: /home/nimai/ros2_sonia_ws/src/sonia_common_ros2/matlab_msg_gen/glnxa64/install/include/sonia_common_ros2/sonia_common_ros2/msg/detail/kill_status__traits.hpp\n'}
[57.386234] (sonia_common_ros2) StdoutLine: {'line': b'-- Installing: /home/nimai/ros2_sonia_ws/src/sonia_common_ros2/matlab_msg_gen/glnxa64/install/include/sonia_common_ros2/sonia_common_ros2/msg/detail/obstacle_array__struct.hpp\n'}
[57.386517] (sonia_common_ros2) StdoutLine: {'line': b'-- Installing: /home/nimai/ros2_sonia_ws/src/sonia_common_ros2/matlab_msg_gen/glnxa64/install/include/sonia_common_ros2/sonia_common_ros2/msg/detail/mission_status__builder.hpp\n'}
[57.386806] (sonia_common_ros2) StdoutLine: {'line': b'-- Installing: /home/nimai/ros2_sonia_ws/src/sonia_common_ros2/matlab_msg_gen/glnxa64/install/include/sonia_common_ros2/sonia_common_ros2/msg/detail/obstacle_info__builder.hpp\n'}
[57.387045] (sonia_common_ros2) StdoutLine: {'line': b'-- Installing: /home/nimai/ros2_sonia_ws/src/sonia_common_ros2/matlab_msg_gen/glnxa64/install/include/sonia_common_ros2/sonia_common_ros2/msg/detail/obstacle_info__struct.hpp\n'}
[57.387346] (sonia_common_ros2) StdoutLine: {'line': b'-- Installing: /home/nimai/ros2_sonia_ws/src/sonia_common_ros2/matlab_msg_gen/glnxa64/install/include/sonia_common_ros2/sonia_common_ros2/msg/detail/obstacle_array__traits.hpp\n'}
[57.387639] (sonia_common_ros2) StdoutLine: {'line': b'-- Installing: /home/nimai/ros2_sonia_ws/src/sonia_common_ros2/matlab_msg_gen/glnxa64/install/include/sonia_common_ros2/sonia_common_ros2/msg/detail/pose__builder.hpp\n'}
[57.387899] (sonia_common_ros2) StdoutLine: {'line': b'-- Installing: /home/nimai/ros2_sonia_ws/src/sonia_common_ros2/matlab_msg_gen/glnxa64/install/include/sonia_common_ros2/sonia_common_ros2/msg/detail/serial_message__struct.hpp\n'}
[57.388170] (sonia_common_ros2) StdoutLine: {'line': b'-- Installing: /home/nimai/ros2_sonia_ws/src/sonia_common_ros2/matlab_msg_gen/glnxa64/install/include/sonia_common_ros2/sonia_common_ros2/msg/mission_status.hpp\n'}
[57.388392] (sonia_common_ros2) StdoutLine: {'line': b'-- Installing: /home/nimai/ros2_sonia_ws/src/sonia_common_ros2/matlab_msg_gen/glnxa64/install/include/sonia_common_ros2/sonia_common_ros2/msg/pose_array.hpp\n'}
[57.388633] (sonia_common_ros2) StdoutLine: {'line': b'-- Installing: /home/nimai/ros2_sonia_ws/src/sonia_common_ros2/matlab_msg_gen/glnxa64/install/include/sonia_common_ros2/sonia_common_ros2/msg/obstacle_array.hpp\n'}
[57.388864] (sonia_common_ros2) StdoutLine: {'line': b'-- Installing: /home/nimai/ros2_sonia_ws/src/sonia_common_ros2/matlab_msg_gen/glnxa64/install/include/sonia_common_ros2/sonia_common_ros2/msg/kill_status.hpp\n'}
[57.389108] (sonia_common_ros2) StdoutLine: {'line': b'-- Installing: /home/nimai/ros2_sonia_ws/src/sonia_common_ros2/matlab_msg_gen/glnxa64/install/include/sonia_common_ros2/sonia_common_ros2/msg/pose.hpp\n'}
[57.389357] (sonia_common_ros2) StdoutLine: {'line': b'-- Installing: /home/nimai/ros2_sonia_ws/src/sonia_common_ros2/matlab_msg_gen/glnxa64/install/include/sonia_common_ros2/sonia_common_ros2/msg/serial_message.hpp\n'}
[57.389602] (sonia_common_ros2) StdoutLine: {'line': b'-- Up-to-date: /home/nimai/ros2_sonia_ws/src/sonia_common_ros2/matlab_msg_gen/glnxa64/install/include/sonia_common_ros2/sonia_common_ros2/srv\n'}
[57.389784] (sonia_common_ros2) StdoutLine: {'line': b'-- Installing: /home/nimai/ros2_sonia_ws/src/sonia_common_ros2/matlab_msg_gen/glnxa64/install/include/sonia_common_ros2/sonia_common_ros2/srv/serial_service.hpp\n'}
[57.390001] (sonia_common_ros2) StdoutLine: {'line': b'-- Up-to-date: /home/nimai/ros2_sonia_ws/src/sonia_common_ros2/matlab_msg_gen/glnxa64/install/include/sonia_common_ros2/sonia_common_ros2/srv/detail\n'}
[57.390153] (sonia_common_ros2) StdoutLine: {'line': b'-- Installing: /home/nimai/ros2_sonia_ws/src/sonia_common_ros2/matlab_msg_gen/glnxa64/install/include/sonia_common_ros2/sonia_common_ros2/srv/detail/serial_service__traits.hpp\n'}
[57.390374] (sonia_common_ros2) StdoutLine: {'line': b'-- Installing: /home/nimai/ros2_sonia_ws/src/sonia_common_ros2/matlab_msg_gen/glnxa64/install/include/sonia_common_ros2/sonia_common_ros2/srv/detail/dropper_service__struct.hpp\n'}
[57.390655] (sonia_common_ros2) StdoutLine: {'line': b'-- Installing: /home/nimai/ros2_sonia_ws/src/sonia_common_ros2/matlab_msg_gen/glnxa64/install/include/sonia_common_ros2/sonia_common_ros2/srv/detail/serial_service__builder.hpp\n'}
[57.390887] (sonia_common_ros2) StdoutLine: {'line': b'-- Installing: /home/nimai/ros2_sonia_ws/src/sonia_common_ros2/matlab_msg_gen/glnxa64/install/include/sonia_common_ros2/sonia_common_ros2/srv/detail/dropper_service__traits.hpp\n'}
[57.391156] (sonia_common_ros2) StdoutLine: {'line': b'-- Installing: /home/nimai/ros2_sonia_ws/src/sonia_common_ros2/matlab_msg_gen/glnxa64/install/include/sonia_common_ros2/sonia_common_ros2/srv/detail/dropper_service__builder.hpp\n'}
[57.391416] (sonia_common_ros2) StdoutLine: {'line': b'-- Installing: /home/nimai/ros2_sonia_ws/src/sonia_common_ros2/matlab_msg_gen/glnxa64/install/include/sonia_common_ros2/sonia_common_ros2/srv/detail/serial_service__struct.hpp\n'}
[57.391692] (sonia_common_ros2) StdoutLine: {'line': b'-- Installing: /home/nimai/ros2_sonia_ws/src/sonia_common_ros2/matlab_msg_gen/glnxa64/install/include/sonia_common_ros2/sonia_common_ros2/srv/dropper_service.hpp\n'}
[57.392025] (sonia_common_ros2) StdoutLine: {'line': b'-- Up-to-date: /home/nimai/ros2_sonia_ws/src/sonia_common_ros2/matlab_msg_gen/glnxa64/install/include/sonia_common_ros2/sonia_common_ros2\n'}
[57.392272] (sonia_common_ros2) StdoutLine: {'line': b'-- Up-to-date: /home/nimai/ros2_sonia_ws/src/sonia_common_ros2/matlab_msg_gen/glnxa64/install/include/sonia_common_ros2/sonia_common_ros2/msg\n'}
[57.392498] (sonia_common_ros2) StdoutLine: {'line': b'-- Up-to-date: /home/nimai/ros2_sonia_ws/src/sonia_common_ros2/matlab_msg_gen/glnxa64/install/include/sonia_common_ros2/sonia_common_ros2/msg/rosidl_typesupport_fastrtps_cpp__visibility_control.h\n'}
[57.392644] (sonia_common_ros2) StdoutLine: {'line': b'-- Up-to-date: /home/nimai/ros2_sonia_ws/src/sonia_common_ros2/matlab_msg_gen/glnxa64/install/include/sonia_common_ros2/sonia_common_ros2/msg/detail\n'}
[57.392813] (sonia_common_ros2) StdoutLine: {'line': b'-- Installing: /home/nimai/ros2_sonia_ws/src/sonia_common_ros2/matlab_msg_gen/glnxa64/install/include/sonia_common_ros2/sonia_common_ros2/msg/detail/obstacle_array__rosidl_typesupport_fastrtps_cpp.hpp\n'}
[57.392952] (sonia_common_ros2) StdoutLine: {'line': b'-- Installing: /home/nimai/ros2_sonia_ws/src/sonia_common_ros2/matlab_msg_gen/glnxa64/install/include/sonia_common_ros2/sonia_common_ros2/msg/detail/obstacle_info__rosidl_typesupport_fastrtps_cpp.hpp\n'}
[57.393118] (sonia_common_ros2) StdoutLine: {'line': b'-- Installing: /home/nimai/ros2_sonia_ws/src/sonia_common_ros2/matlab_msg_gen/glnxa64/install/include/sonia_common_ros2/sonia_common_ros2/msg/detail/pose_array__rosidl_typesupport_fastrtps_cpp.hpp\n'}
[57.393283] (sonia_common_ros2) StdoutLine: {'line': b'-- Installing: /home/nimai/ros2_sonia_ws/src/sonia_common_ros2/matlab_msg_gen/glnxa64/install/include/sonia_common_ros2/sonia_common_ros2/msg/detail/kill_status__rosidl_typesupport_fastrtps_cpp.hpp\n'}
[57.393507] (sonia_common_ros2) StdoutLine: {'line': b'-- Up-to-date: /home/nimai/ros2_sonia_ws/src/sonia_common_ros2/matlab_msg_gen/glnxa64/install/include/sonia_common_ros2/sonia_common_ros2/msg/detail/dds_fastrtps\n'}
[57.393679] (sonia_common_ros2) StdoutLine: {'line': b'-- Installing: /home/nimai/ros2_sonia_ws/src/sonia_common_ros2/matlab_msg_gen/glnxa64/install/include/sonia_common_ros2/sonia_common_ros2/msg/detail/mission_status__rosidl_typesupport_fastrtps_cpp.hpp\n'}
[57.393962] (sonia_common_ros2) StdoutLine: {'line': b'-- Installing: /home/nimai/ros2_sonia_ws/src/sonia_common_ros2/matlab_msg_gen/glnxa64/install/include/sonia_common_ros2/sonia_common_ros2/msg/detail/serial_message__rosidl_typesupport_fastrtps_cpp.hpp\n'}
[57.394234] (sonia_common_ros2) StdoutLine: {'line': b'-- Installing: /home/nimai/ros2_sonia_ws/src/sonia_common_ros2/matlab_msg_gen/glnxa64/install/include/sonia_common_ros2/sonia_common_ros2/msg/detail/pose__rosidl_typesupport_fastrtps_cpp.hpp\n'}
[57.394486] (sonia_common_ros2) StdoutLine: {'line': b'-- Up-to-date: /home/nimai/ros2_sonia_ws/src/sonia_common_ros2/matlab_msg_gen/glnxa64/install/include/sonia_common_ros2/sonia_common_ros2/srv\n'}
[57.394651] (sonia_common_ros2) StdoutLine: {'line': b'-- Up-to-date: /home/nimai/ros2_sonia_ws/src/sonia_common_ros2/matlab_msg_gen/glnxa64/install/include/sonia_common_ros2/sonia_common_ros2/srv/detail\n'}
[57.394824] (sonia_common_ros2) StdoutLine: {'line': b'-- Installing: /home/nimai/ros2_sonia_ws/src/sonia_common_ros2/matlab_msg_gen/glnxa64/install/include/sonia_common_ros2/sonia_common_ros2/srv/detail/dropper_service__rosidl_typesupport_fastrtps_cpp.hpp\n'}
[57.394997] (sonia_common_ros2) StdoutLine: {'line': b'-- Up-to-date: /home/nimai/ros2_sonia_ws/src/sonia_common_ros2/matlab_msg_gen/glnxa64/install/include/sonia_common_ros2/sonia_common_ros2/srv/detail/dds_fastrtps\n'}
[57.395152] (sonia_common_ros2) StdoutLine: {'line': b'-- Installing: /home/nimai/ros2_sonia_ws/src/sonia_common_ros2/matlab_msg_gen/glnxa64/install/include/sonia_common_ros2/sonia_common_ros2/srv/detail/serial_service__rosidl_typesupport_fastrtps_cpp.hpp\n'}
[57.395396] (sonia_common_ros2) StdoutLine: {'line': b'-- Installing: /home/nimai/ros2_sonia_ws/src/sonia_common_ros2/matlab_msg_gen/glnxa64/install/lib/libsonia_common_ros2__rosidl_typesupport_fastrtps_cpp.so\n'}
[57.396184] (sonia_common_ros2) StdoutLine: {'line': b'-- Up-to-date: /home/nimai/ros2_sonia_ws/src/sonia_common_ros2/matlab_msg_gen/glnxa64/install/include/sonia_common_ros2/sonia_common_ros2\n'}
[57.396374] (sonia_common_ros2) StdoutLine: {'line': b'-- Up-to-date: /home/nimai/ros2_sonia_ws/src/sonia_common_ros2/matlab_msg_gen/glnxa64/install/include/sonia_common_ros2/sonia_common_ros2/msg\n'}
[57.396537] (sonia_common_ros2) StdoutLine: {'line': b'-- Up-to-date: /home/nimai/ros2_sonia_ws/src/sonia_common_ros2/matlab_msg_gen/glnxa64/install/include/sonia_common_ros2/sonia_common_ros2/msg/detail\n'}
[57.396669] (sonia_common_ros2) StdoutLine: {'line': b'-- Installing: /home/nimai/ros2_sonia_ws/src/sonia_common_ros2/matlab_msg_gen/glnxa64/install/include/sonia_common_ros2/sonia_common_ros2/msg/detail/pose__type_support.cpp\n'}
[57.396822] (sonia_common_ros2) StdoutLine: {'line': b'-- Installing: /home/nimai/ros2_sonia_ws/src/sonia_common_ros2/matlab_msg_gen/glnxa64/install/include/sonia_common_ros2/sonia_common_ros2/msg/detail/mission_status__rosidl_typesupport_introspection_cpp.hpp\n'}
[57.397059] (sonia_common_ros2) StdoutLine: {'line': b'-- Installing: /home/nimai/ros2_sonia_ws/src/sonia_common_ros2/matlab_msg_gen/glnxa64/install/include/sonia_common_ros2/sonia_common_ros2/msg/detail/pose__rosidl_typesupport_introspection_cpp.hpp\n'}
[57.397383] (sonia_common_ros2) StdoutLine: {'line': b'-- Installing: /home/nimai/ros2_sonia_ws/src/sonia_common_ros2/matlab_msg_gen/glnxa64/install/include/sonia_common_ros2/sonia_common_ros2/msg/detail/obstacle_info__rosidl_typesupport_introspection_cpp.hpp\n'}
[57.397635] (sonia_common_ros2) StdoutLine: {'line': b'-- Installing: /home/nimai/ros2_sonia_ws/src/sonia_common_ros2/matlab_msg_gen/glnxa64/install/include/sonia_common_ros2/sonia_common_ros2/msg/detail/pose_array__type_support.cpp\n'}
[57.398180] (sonia_common_ros2) StdoutLine: {'line': b'-- Installing: /home/nimai/ros2_sonia_ws/src/sonia_common_ros2/matlab_msg_gen/glnxa64/install/include/sonia_common_ros2/sonia_common_ros2/msg/detail/obstacle_info__type_support.cpp\n'}
[57.398471] (sonia_common_ros2) StdoutLine: {'line': b'-- Installing: /home/nimai/ros2_sonia_ws/src/sonia_common_ros2/matlab_msg_gen/glnxa64/install/include/sonia_common_ros2/sonia_common_ros2/msg/detail/kill_status__rosidl_typesupport_introspection_cpp.hpp\n'}
[57.398711] (sonia_common_ros2) StdoutLine: {'line': b'-- Installing: /home/nimai/ros2_sonia_ws/src/sonia_common_ros2/matlab_msg_gen/glnxa64/install/include/sonia_common_ros2/sonia_common_ros2/msg/detail/serial_message__rosidl_typesupport_introspection_cpp.hpp\n'}
[57.399032] (sonia_common_ros2) StdoutLine: {'line': b'-- Installing: /home/nimai/ros2_sonia_ws/src/sonia_common_ros2/matlab_msg_gen/glnxa64/install/include/sonia_common_ros2/sonia_common_ros2/msg/detail/obstacle_array__rosidl_typesupport_introspection_cpp.hpp\n'}
[57.399300] (sonia_common_ros2) StdoutLine: {'line': b'-- Installing: /home/nimai/ros2_sonia_ws/src/sonia_common_ros2/matlab_msg_gen/glnxa64/install/include/sonia_common_ros2/sonia_common_ros2/msg/detail/mission_status__type_support.cpp\n'}
[57.399530] (sonia_common_ros2) StdoutLine: {'line': b'-- Installing: /home/nimai/ros2_sonia_ws/src/sonia_common_ros2/matlab_msg_gen/glnxa64/install/include/sonia_common_ros2/sonia_common_ros2/msg/detail/kill_status__type_support.cpp\n'}
[57.399838] (sonia_common_ros2) StdoutLine: {'line': b'-- Installing: /home/nimai/ros2_sonia_ws/src/sonia_common_ros2/matlab_msg_gen/glnxa64/install/include/sonia_common_ros2/sonia_common_ros2/msg/detail/pose_array__rosidl_typesupport_introspection_cpp.hpp\n'}
[57.400091] (sonia_common_ros2) StdoutLine: {'line': b'-- Installing: /home/nimai/ros2_sonia_ws/src/sonia_common_ros2/matlab_msg_gen/glnxa64/install/include/sonia_common_ros2/sonia_common_ros2/msg/detail/serial_message__type_support.cpp\n'}
[57.400371] (sonia_common_ros2) StdoutLine: {'line': b'-- Installing: /home/nimai/ros2_sonia_ws/src/sonia_common_ros2/matlab_msg_gen/glnxa64/install/include/sonia_common_ros2/sonia_common_ros2/msg/detail/obstacle_array__type_support.cpp\n'}
[57.400642] (sonia_common_ros2) StdoutLine: {'line': b'-- Up-to-date: /home/nimai/ros2_sonia_ws/src/sonia_common_ros2/matlab_msg_gen/glnxa64/install/include/sonia_common_ros2/sonia_common_ros2/srv\n'}
[57.400804] (sonia_common_ros2) StdoutLine: {'line': b'-- Up-to-date: /home/nimai/ros2_sonia_ws/src/sonia_common_ros2/matlab_msg_gen/glnxa64/install/include/sonia_common_ros2/sonia_common_ros2/srv/detail\n'}
[57.400963] (sonia_common_ros2) StdoutLine: {'line': b'-- Installing: /home/nimai/ros2_sonia_ws/src/sonia_common_ros2/matlab_msg_gen/glnxa64/install/include/sonia_common_ros2/sonia_common_ros2/srv/detail/dropper_service__rosidl_typesupport_introspection_cpp.hpp\n'}
[57.401142] (sonia_common_ros2) StdoutLine: {'line': b'-- Installing: /home/nimai/ros2_sonia_ws/src/sonia_common_ros2/matlab_msg_gen/glnxa64/install/include/sonia_common_ros2/sonia_common_ros2/srv/detail/serial_service__rosidl_typesupport_introspection_cpp.hpp\n'}
[57.401407] (sonia_common_ros2) StdoutLine: {'line': b'-- Installing: /home/nimai/ros2_sonia_ws/src/sonia_common_ros2/matlab_msg_gen/glnxa64/install/include/sonia_common_ros2/sonia_common_ros2/srv/detail/serial_service__type_support.cpp\n'}
[57.401686] (sonia_common_ros2) StdoutLine: {'line': b'-- Installing: /home/nimai/ros2_sonia_ws/src/sonia_common_ros2/matlab_msg_gen/glnxa64/install/include/sonia_common_ros2/sonia_common_ros2/srv/detail/dropper_service__type_support.cpp\n'}
[57.402055] (sonia_common_ros2) StdoutLine: {'line': b'-- Installing: /home/nimai/ros2_sonia_ws/src/sonia_common_ros2/matlab_msg_gen/glnxa64/install/lib/libsonia_common_ros2__rosidl_typesupport_introspection_cpp.so\n'}
[57.402780] (sonia_common_ros2) StdoutLine: {'line': b'-- Installing: /home/nimai/ros2_sonia_ws/src/sonia_common_ros2/matlab_msg_gen/glnxa64/install/lib/libsonia_common_ros2__rosidl_typesupport_cpp.so\n'}
[57.403238] (sonia_common_ros2) StdoutLine: {'line': b'-- Up-to-date: /home/nimai/ros2_sonia_ws/src/sonia_common_ros2/matlab_msg_gen/glnxa64/install/share/sonia_common_ros2/msg/KillStatus.idl\n'}
[57.403432] (sonia_common_ros2) StdoutLine: {'line': b'-- Up-to-date: /home/nimai/ros2_sonia_ws/src/sonia_common_ros2/matlab_msg_gen/glnxa64/install/share/sonia_common_ros2/msg/MissionStatus.idl\n'}
[57.403622] (sonia_common_ros2) StdoutLine: {'line': b'-- Installing: /home/nimai/ros2_sonia_ws/src/sonia_common_ros2/matlab_msg_gen/glnxa64/install/share/sonia_common_ros2/msg/ObstacleArray.idl\n'}
[57.403796] (sonia_common_ros2) StdoutLine: {'line': b'-- Up-to-date: /home/nimai/ros2_sonia_ws/src/sonia_common_ros2/matlab_msg_gen/glnxa64/install/share/sonia_common_ros2/msg/ObstacleInfo.idl\n'}
[57.404000] (sonia_common_ros2) StdoutLine: {'line': b'-- Up-to-date: /home/nimai/ros2_sonia_ws/src/sonia_common_ros2/matlab_msg_gen/glnxa64/install/share/sonia_common_ros2/msg/Pose.idl\n'}
[57.404148] (sonia_common_ros2) StdoutLine: {'line': b'-- Installing: /home/nimai/ros2_sonia_ws/src/sonia_common_ros2/matlab_msg_gen/glnxa64/install/share/sonia_common_ros2/msg/PoseArray.idl\n'}
[57.404621] (sonia_common_ros2) StdoutLine: {'line': b'-- Up-to-date: /home/nimai/ros2_sonia_ws/src/sonia_common_ros2/matlab_msg_gen/glnxa64/install/share/sonia_common_ros2/msg/SerialMessage.idl\n'}
[57.404829] (sonia_common_ros2) StdoutLine: {'line': b'-- Up-to-date: /home/nimai/ros2_sonia_ws/src/sonia_common_ros2/matlab_msg_gen/glnxa64/install/share/sonia_common_ros2/srv/DropperService.idl\n'}
[57.405119] (sonia_common_ros2) StdoutLine: {'line': b'-- Up-to-date: /home/nimai/ros2_sonia_ws/src/sonia_common_ros2/matlab_msg_gen/glnxa64/install/share/sonia_common_ros2/srv/SerialService.idl\n'}
[57.405338] (sonia_common_ros2) StdoutLine: {'line': b'-- Up-to-date: /home/nimai/ros2_sonia_ws/src/sonia_common_ros2/matlab_msg_gen/glnxa64/install/share/sonia_common_ros2/msg/KillStatus.msg\n'}
[57.405501] (sonia_common_ros2) StdoutLine: {'line': b'-- Up-to-date: /home/nimai/ros2_sonia_ws/src/sonia_common_ros2/matlab_msg_gen/glnxa64/install/share/sonia_common_ros2/msg/MissionStatus.msg\n'}
[57.405673] (sonia_common_ros2) StdoutLine: {'line': b'-- Installing: /home/nimai/ros2_sonia_ws/src/sonia_common_ros2/matlab_msg_gen/glnxa64/install/share/sonia_common_ros2/msg/ObstacleArray.msg\n'}
[57.405883] (sonia_common_ros2) StdoutLine: {'line': b'-- Up-to-date: /home/nimai/ros2_sonia_ws/src/sonia_common_ros2/matlab_msg_gen/glnxa64/install/share/sonia_common_ros2/msg/ObstacleInfo.msg\n'}
[57.406083] (sonia_common_ros2) StdoutLine: {'line': b'-- Installing: /home/nimai/ros2_sonia_ws/src/sonia_common_ros2/matlab_msg_gen/glnxa64/install/share/sonia_common_ros2/msg/Pose.msg\n'}
[57.406246] (sonia_common_ros2) StdoutLine: {'line': b'-- Installing: /home/nimai/ros2_sonia_ws/src/sonia_common_ros2/matlab_msg_gen/glnxa64/install/share/sonia_common_ros2/msg/PoseArray.msg\n'}
[57.406499] (sonia_common_ros2) StdoutLine: {'line': b'-- Up-to-date: /home/nimai/ros2_sonia_ws/src/sonia_common_ros2/matlab_msg_gen/glnxa64/install/share/sonia_common_ros2/msg/SerialMessage.msg\n'}
[57.406719] (sonia_common_ros2) StdoutLine: {'line': b'-- Up-to-date: /home/nimai/ros2_sonia_ws/src/sonia_common_ros2/matlab_msg_gen/glnxa64/install/share/sonia_common_ros2/srv/DropperService.srv\n'}
[57.406927] (sonia_common_ros2) StdoutLine: {'line': b'-- Up-to-date: /home/nimai/ros2_sonia_ws/src/sonia_common_ros2/matlab_msg_gen/glnxa64/install/share/sonia_common_ros2/srv/DropperService_Request.msg\n'}
[57.407101] (sonia_common_ros2) StdoutLine: {'line': b'-- Up-to-date: /home/nimai/ros2_sonia_ws/src/sonia_common_ros2/matlab_msg_gen/glnxa64/install/share/sonia_common_ros2/srv/DropperService_Response.msg\n'}
[57.407302] (sonia_common_ros2) StdoutLine: {'line': b'-- Up-to-date: /home/nimai/ros2_sonia_ws/src/sonia_common_ros2/matlab_msg_gen/glnxa64/install/share/sonia_common_ros2/srv/SerialService.srv\n'}
[57.407513] (sonia_common_ros2) StdoutLine: {'line': b'-- Up-to-date: /home/nimai/ros2_sonia_ws/src/sonia_common_ros2/matlab_msg_gen/glnxa64/install/share/sonia_common_ros2/srv/SerialService_Request.msg\n'}
[57.407674] (sonia_common_ros2) StdoutLine: {'line': b'-- Up-to-date: /home/nimai/ros2_sonia_ws/src/sonia_common_ros2/matlab_msg_gen/glnxa64/install/share/sonia_common_ros2/srv/SerialService_Response.msg\n'}
[57.407835] (sonia_common_ros2) StdoutLine: {'line': b'-- Up-to-date: /home/nimai/ros2_sonia_ws/src/sonia_common_ros2/matlab_msg_gen/glnxa64/install/include\n'}
[57.407988] (sonia_common_ros2) StdoutLine: {'line': b'-- Up-to-date: /home/nimai/ros2_sonia_ws/src/sonia_common_ros2/matlab_msg_gen/glnxa64/install/include/sonia_common_ros2\n'}
[57.408145] (sonia_common_ros2) StdoutLine: {'line': b'-- Up-to-date: /home/nimai/ros2_sonia_ws/src/sonia_common_ros2/matlab_msg_gen/glnxa64/install/include/sonia_common_ros2/visibility_control.h\n'}
[57.408305] (sonia_common_ros2) StdoutLine: {'line': b'-- Installing: /home/nimai/ros2_sonia_ws/src/sonia_common_ros2/matlab_msg_gen/glnxa64/install/lib/libsonia_common_ros2_matlab.so\n'}
[57.463493] (-) TimerEvent: {}
[57.520419] (sonia_common_ros2) StdoutLine: {'line': b'-- Up-to-date: /home/nimai/ros2_sonia_ws/src/sonia_common_ros2/matlab_msg_gen/glnxa64/install/m/\n'}
[57.520751] (sonia_common_ros2) StdoutLine: {'line': b'-- Up-to-date: /home/nimai/ros2_sonia_ws/src/sonia_common_ros2/matlab_msg_gen/glnxa64/install/m//+ros\n'}
[57.520998] (sonia_common_ros2) StdoutLine: {'line': b'-- Up-to-date: /home/nimai/ros2_sonia_ws/src/sonia_common_ros2/matlab_msg_gen/glnxa64/install/m//+ros/+internal\n'}
[57.521199] (sonia_common_ros2) StdoutLine: {'line': b'-- Up-to-date: /home/nimai/ros2_sonia_ws/src/sonia_common_ros2/matlab_msg_gen/glnxa64/install/m//+ros/+internal/+ros2\n'}
[57.521426] (sonia_common_ros2) StdoutLine: {'line': b'-- Up-to-date: /home/nimai/ros2_sonia_ws/src/sonia_common_ros2/matlab_msg_gen/glnxa64/install/m//+ros/+internal/+ros2/+custommessages\n'}
[57.521698] (sonia_common_ros2) StdoutLine: {'line': b'-- Up-to-date: /home/nimai/ros2_sonia_ws/src/sonia_common_ros2/matlab_msg_gen/glnxa64/install/m//+ros/+internal/+ros2/+custommessages/+sonia_common_ros2\n'}
[57.521903] (sonia_common_ros2) StdoutLine: {'line': b'-- Installing: /home/nimai/ros2_sonia_ws/src/sonia_common_ros2/matlab_msg_gen/glnxa64/install/m//+ros/+internal/+ros2/+custommessages/+sonia_common_ros2/obstacleArray.m\n'}
[57.522079] (sonia_common_ros2) StdoutLine: {'line': b'-- Up-to-date: /home/nimai/ros2_sonia_ws/src/sonia_common_ros2/matlab_msg_gen/glnxa64/install/m//+ros/+internal/+ros2/+custommessages/+sonia_common_ros2/missionStatus.m\n'}
[57.522304] (sonia_common_ros2) StdoutLine: {'line': b'-- Up-to-date: /home/nimai/ros2_sonia_ws/src/sonia_common_ros2/matlab_msg_gen/glnxa64/install/m//+ros/+internal/+ros2/+custommessages/+sonia_common_ros2/dropperServiceResponse.m\n'}
[57.522490] (sonia_common_ros2) StdoutLine: {'line': b'-- Up-to-date: /home/nimai/ros2_sonia_ws/src/sonia_common_ros2/matlab_msg_gen/glnxa64/install/m//+ros/+internal/+ros2/+custommessages/+sonia_common_ros2/killStatus.m\n'}
[57.522654] (sonia_common_ros2) StdoutLine: {'line': b'-- Up-to-date: /home/nimai/ros2_sonia_ws/src/sonia_common_ros2/matlab_msg_gen/glnxa64/install/m//+ros/+internal/+ros2/+custommessages/+sonia_common_ros2/serialServiceResponse.m\n'}
[57.522847] (sonia_common_ros2) StdoutLine: {'line': b'-- Up-to-date: /home/nimai/ros2_sonia_ws/src/sonia_common_ros2/matlab_msg_gen/glnxa64/install/m//+ros/+internal/+ros2/+custommessages/+sonia_common_ros2/serialMessage.m\n'}
[57.523064] (sonia_common_ros2) StdoutLine: {'line': b'-- Up-to-date: /home/nimai/ros2_sonia_ws/src/sonia_common_ros2/matlab_msg_gen/glnxa64/install/m//+ros/+internal/+ros2/+custommessages/+sonia_common_ros2/dropperServiceRequest.m\n'}
[57.523229] (sonia_common_ros2) StdoutLine: {'line': b'-- Installing: /home/nimai/ros2_sonia_ws/src/sonia_common_ros2/matlab_msg_gen/glnxa64/install/m//+ros/+internal/+ros2/+custommessages/+sonia_common_ros2/poseArray.m\n'}
[57.523415] (sonia_common_ros2) StdoutLine: {'line': b'-- Up-to-date: /home/nimai/ros2_sonia_ws/src/sonia_common_ros2/matlab_msg_gen/glnxa64/install/m//+ros/+internal/+ros2/+custommessages/+sonia_common_ros2/pose.m\n'}
[57.523596] (sonia_common_ros2) StdoutLine: {'line': b'-- Up-to-date: /home/nimai/ros2_sonia_ws/src/sonia_common_ros2/matlab_msg_gen/glnxa64/install/m//+ros/+internal/+ros2/+custommessages/+sonia_common_ros2/serialServiceRequest.m\n'}
[57.523765] (sonia_common_ros2) StdoutLine: {'line': b'-- Up-to-date: /home/nimai/ros2_sonia_ws/src/sonia_common_ros2/matlab_msg_gen/glnxa64/install/m//+ros/+internal/+ros2/+custommessages/+sonia_common_ros2/obstacleInfo.m\n'}
[57.524013] (sonia_common_ros2) StdoutLine: {'line': b'-- Installing: /home/nimai/ros2_sonia_ws/src/sonia_common_ros2/matlab_msg_gen/glnxa64/install/share/ament_index/resource_index/package_run_dependencies/sonia_common_ros2\n'}
[57.524245] (sonia_common_ros2) StdoutLine: {'line': b'-- Up-to-date: /home/nimai/ros2_sonia_ws/src/sonia_common_ros2/matlab_msg_gen/glnxa64/install/share/ament_index/resource_index/parent_prefix_path/sonia_common_ros2\n'}
[57.524424] (sonia_common_ros2) StdoutLine: {'line': b'-- Up-to-date: /home/nimai/ros2_sonia_ws/src/sonia_common_ros2/matlab_msg_gen/glnxa64/install/share/sonia_common_ros2/environment/ament_prefix_path.sh\n'}
[57.524615] (sonia_common_ros2) StdoutLine: {'line': b'-- Installing: /home/nimai/ros2_sonia_ws/src/sonia_common_ros2/matlab_msg_gen/glnxa64/install/share/sonia_common_ros2/environment/ament_prefix_path.dsv\n'}
[57.524759] (sonia_common_ros2) StdoutLine: {'line': b'-- Up-to-date: /home/nimai/ros2_sonia_ws/src/sonia_common_ros2/matlab_msg_gen/glnxa64/install/share/sonia_common_ros2/environment/path.sh\n'}
[57.524967] (sonia_common_ros2) StdoutLine: {'line': b'-- Installing: /home/nimai/ros2_sonia_ws/src/sonia_common_ros2/matlab_msg_gen/glnxa64/install/share/sonia_common_ros2/environment/path.dsv\n'}
[57.525133] (sonia_common_ros2) StdoutLine: {'line': b'-- Up-to-date: /home/nimai/ros2_sonia_ws/src/sonia_common_ros2/matlab_msg_gen/glnxa64/install/share/sonia_common_ros2/local_setup.bash\n'}
[57.525355] (sonia_common_ros2) StdoutLine: {'line': b'-- Up-to-date: /home/nimai/ros2_sonia_ws/src/sonia_common_ros2/matlab_msg_gen/glnxa64/install/share/sonia_common_ros2/local_setup.sh\n'}
[57.525519] (sonia_common_ros2) StdoutLine: {'line': b'-- Up-to-date: /home/nimai/ros2_sonia_ws/src/sonia_common_ros2/matlab_msg_gen/glnxa64/install/share/sonia_common_ros2/local_setup.zsh\n'}
[57.525722] (sonia_common_ros2) StdoutLine: {'line': b'-- Installing: /home/nimai/ros2_sonia_ws/src/sonia_common_ros2/matlab_msg_gen/glnxa64/install/share/sonia_common_ros2/local_setup.dsv\n'}
[57.525906] (sonia_common_ros2) StdoutLine: {'line': b'-- Installing: /home/nimai/ros2_sonia_ws/src/sonia_common_ros2/matlab_msg_gen/glnxa64/install/share/sonia_common_ros2/package.dsv\n'}
[57.526078] (sonia_common_ros2) StdoutLine: {'line': b'-- Up-to-date: /home/nimai/ros2_sonia_ws/src/sonia_common_ros2/matlab_msg_gen/glnxa64/install/share/ament_index/resource_index/packages/sonia_common_ros2\n'}
[57.526274] (sonia_common_ros2) StdoutLine: {'line': b'-- Old export file "/home/nimai/ros2_sonia_ws/src/sonia_common_ros2/matlab_msg_gen/glnxa64/install/share/sonia_common_ros2/cmake/export_sonia_common_ros2__rosidl_generator_cExport.cmake" will be replaced.  Removing files [/home/nimai/ros2_sonia_ws/src/sonia_common_ros2/matlab_msg_gen/glnxa64/install/share/sonia_common_ros2/cmake/export_sonia_common_ros2__rosidl_generator_cExport-release.cmake].\n'}
[57.526471] (sonia_common_ros2) StdoutLine: {'line': b'-- Installing: /home/nimai/ros2_sonia_ws/src/sonia_common_ros2/matlab_msg_gen/glnxa64/install/share/sonia_common_ros2/cmake/export_sonia_common_ros2__rosidl_generator_cExport.cmake\n'}
[57.526615] (sonia_common_ros2) StdoutLine: {'line': b'-- Installing: /home/nimai/ros2_sonia_ws/src/sonia_common_ros2/matlab_msg_gen/glnxa64/install/share/sonia_common_ros2/cmake/export_sonia_common_ros2__rosidl_generator_cExport-release.cmake\n'}
[57.526817] (sonia_common_ros2) StdoutLine: {'line': b'-- Old export file "/home/nimai/ros2_sonia_ws/src/sonia_common_ros2/matlab_msg_gen/glnxa64/install/share/sonia_common_ros2/cmake/export_sonia_common_ros2__rosidl_typesupport_fastrtps_cExport.cmake" will be replaced.  Removing files [/home/nimai/ros2_sonia_ws/src/sonia_common_ros2/matlab_msg_gen/glnxa64/install/share/sonia_common_ros2/cmake/export_sonia_common_ros2__rosidl_typesupport_fastrtps_cExport-release.cmake].\n'}
[57.527007] (sonia_common_ros2) StdoutLine: {'line': b'-- Installing: /home/nimai/ros2_sonia_ws/src/sonia_common_ros2/matlab_msg_gen/glnxa64/install/share/sonia_common_ros2/cmake/export_sonia_common_ros2__rosidl_typesupport_fastrtps_cExport.cmake\n'}
[57.527208] (sonia_common_ros2) StdoutLine: {'line': b'-- Installing: /home/nimai/ros2_sonia_ws/src/sonia_common_ros2/matlab_msg_gen/glnxa64/install/share/sonia_common_ros2/cmake/export_sonia_common_ros2__rosidl_typesupport_fastrtps_cExport-release.cmake\n'}
[57.527410] (sonia_common_ros2) StdoutLine: {'line': b'-- Old export file "/home/nimai/ros2_sonia_ws/src/sonia_common_ros2/matlab_msg_gen/glnxa64/install/share/sonia_common_ros2/cmake/sonia_common_ros2__rosidl_typesupport_introspection_cExport.cmake" will be replaced.  Removing files [/home/nimai/ros2_sonia_ws/src/sonia_common_ros2/matlab_msg_gen/glnxa64/install/share/sonia_common_ros2/cmake/sonia_common_ros2__rosidl_typesupport_introspection_cExport-release.cmake].\n'}
[57.527625] (sonia_common_ros2) StdoutLine: {'line': b'-- Installing: /home/nimai/ros2_sonia_ws/src/sonia_common_ros2/matlab_msg_gen/glnxa64/install/share/sonia_common_ros2/cmake/sonia_common_ros2__rosidl_typesupport_introspection_cExport.cmake\n'}
[57.527807] (sonia_common_ros2) StdoutLine: {'line': b'-- Installing: /home/nimai/ros2_sonia_ws/src/sonia_common_ros2/matlab_msg_gen/glnxa64/install/share/sonia_common_ros2/cmake/sonia_common_ros2__rosidl_typesupport_introspection_cExport-release.cmake\n'}
[57.528055] (sonia_common_ros2) StdoutLine: {'line': b'-- Old export file "/home/nimai/ros2_sonia_ws/src/sonia_common_ros2/matlab_msg_gen/glnxa64/install/share/sonia_common_ros2/cmake/sonia_common_ros2__rosidl_typesupport_cExport.cmake" will be replaced.  Removing files [/home/nimai/ros2_sonia_ws/src/sonia_common_ros2/matlab_msg_gen/glnxa64/install/share/sonia_common_ros2/cmake/sonia_common_ros2__rosidl_typesupport_cExport-release.cmake].\n'}
[57.528247] (sonia_common_ros2) StdoutLine: {'line': b'-- Installing: /home/nimai/ros2_sonia_ws/src/sonia_common_ros2/matlab_msg_gen/glnxa64/install/share/sonia_common_ros2/cmake/sonia_common_ros2__rosidl_typesupport_cExport.cmake\n'}
[57.528497] (sonia_common_ros2) StdoutLine: {'line': b'-- Installing: /home/nimai/ros2_sonia_ws/src/sonia_common_ros2/matlab_msg_gen/glnxa64/install/share/sonia_common_ros2/cmake/sonia_common_ros2__rosidl_typesupport_cExport-release.cmake\n'}
[57.528972] (sonia_common_ros2) StdoutLine: {'line': b'-- Installing: /home/nimai/ros2_sonia_ws/src/sonia_common_ros2/matlab_msg_gen/glnxa64/install/share/sonia_common_ros2/cmake/export_sonia_common_ros2__rosidl_generator_cppExport.cmake\n'}
[57.529446] (sonia_common_ros2) StdoutLine: {'line': b'-- Old export file "/home/nimai/ros2_sonia_ws/src/sonia_common_ros2/matlab_msg_gen/glnxa64/install/share/sonia_common_ros2/cmake/export_sonia_common_ros2__rosidl_typesupport_fastrtps_cppExport.cmake" will be replaced.  Removing files [/home/nimai/ros2_sonia_ws/src/sonia_common_ros2/matlab_msg_gen/glnxa64/install/share/sonia_common_ros2/cmake/export_sonia_common_ros2__rosidl_typesupport_fastrtps_cppExport-release.cmake].\n'}
[57.529644] (sonia_common_ros2) StdoutLine: {'line': b'-- Installing: /home/nimai/ros2_sonia_ws/src/sonia_common_ros2/matlab_msg_gen/glnxa64/install/share/sonia_common_ros2/cmake/export_sonia_common_ros2__rosidl_typesupport_fastrtps_cppExport.cmake\n'}
[57.529999] (sonia_common_ros2) StdoutLine: {'line': b'-- Installing: /home/nimai/ros2_sonia_ws/src/sonia_common_ros2/matlab_msg_gen/glnxa64/install/share/sonia_common_ros2/cmake/export_sonia_common_ros2__rosidl_typesupport_fastrtps_cppExport-release.cmake\n'}
[57.530414] (sonia_common_ros2) StdoutLine: {'line': b'-- Old export file "/home/nimai/ros2_sonia_ws/src/sonia_common_ros2/matlab_msg_gen/glnxa64/install/share/sonia_common_ros2/cmake/sonia_common_ros2__rosidl_typesupport_introspection_cppExport.cmake" will be replaced.  Removing files [/home/nimai/ros2_sonia_ws/src/sonia_common_ros2/matlab_msg_gen/glnxa64/install/share/sonia_common_ros2/cmake/sonia_common_ros2__rosidl_typesupport_introspection_cppExport-release.cmake].\n'}
[57.530690] (sonia_common_ros2) StdoutLine: {'line': b'-- Installing: /home/nimai/ros2_sonia_ws/src/sonia_common_ros2/matlab_msg_gen/glnxa64/install/share/sonia_common_ros2/cmake/sonia_common_ros2__rosidl_typesupport_introspection_cppExport.cmake\n'}
[57.530941] (sonia_common_ros2) StdoutLine: {'line': b'-- Installing: /home/nimai/ros2_sonia_ws/src/sonia_common_ros2/matlab_msg_gen/glnxa64/install/share/sonia_common_ros2/cmake/sonia_common_ros2__rosidl_typesupport_introspection_cppExport-release.cmake\n'}
[57.531360] (sonia_common_ros2) StdoutLine: {'line': b'-- Old export file "/home/nimai/ros2_sonia_ws/src/sonia_common_ros2/matlab_msg_gen/glnxa64/install/share/sonia_common_ros2/cmake/sonia_common_ros2__rosidl_typesupport_cppExport.cmake" will be replaced.  Removing files [/home/nimai/ros2_sonia_ws/src/sonia_common_ros2/matlab_msg_gen/glnxa64/install/share/sonia_common_ros2/cmake/sonia_common_ros2__rosidl_typesupport_cppExport-release.cmake].\n'}
[57.531602] (sonia_common_ros2) StdoutLine: {'line': b'-- Installing: /home/nimai/ros2_sonia_ws/src/sonia_common_ros2/matlab_msg_gen/glnxa64/install/share/sonia_common_ros2/cmake/sonia_common_ros2__rosidl_typesupport_cppExport.cmake\n'}
[57.531879] (sonia_common_ros2) StdoutLine: {'line': b'-- Installing: /home/nimai/ros2_sonia_ws/src/sonia_common_ros2/matlab_msg_gen/glnxa64/install/share/sonia_common_ros2/cmake/sonia_common_ros2__rosidl_typesupport_cppExport-release.cmake\n'}
[57.532174] (sonia_common_ros2) StdoutLine: {'line': b'-- Up-to-date: /home/nimai/ros2_sonia_ws/src/sonia_common_ros2/matlab_msg_gen/glnxa64/install/share/sonia_common_ros2/cmake/rosidl_cmake-extras.cmake\n'}
[57.532399] (sonia_common_ros2) StdoutLine: {'line': b'-- Installing: /home/nimai/ros2_sonia_ws/src/sonia_common_ros2/matlab_msg_gen/glnxa64/install/share/sonia_common_ros2/cmake/ament_cmake_export_dependencies-extras.cmake\n'}
[57.532661] (sonia_common_ros2) StdoutLine: {'line': b'-- Up-to-date: /home/nimai/ros2_sonia_ws/src/sonia_common_ros2/matlab_msg_gen/glnxa64/install/share/sonia_common_ros2/cmake/ament_cmake_export_include_directories-extras.cmake\n'}
[57.532859] (sonia_common_ros2) StdoutLine: {'line': b'-- Up-to-date: /home/nimai/ros2_sonia_ws/src/sonia_common_ros2/matlab_msg_gen/glnxa64/install/share/sonia_common_ros2/cmake/ament_cmake_export_libraries-extras.cmake\n'}
[57.533081] (sonia_common_ros2) StdoutLine: {'line': b'-- Up-to-date: /home/nimai/ros2_sonia_ws/src/sonia_common_ros2/matlab_msg_gen/glnxa64/install/share/sonia_common_ros2/cmake/ament_cmake_export_targets-extras.cmake\n'}
[57.533263] (sonia_common_ros2) StdoutLine: {'line': b'-- Up-to-date: /home/nimai/ros2_sonia_ws/src/sonia_common_ros2/matlab_msg_gen/glnxa64/install/share/sonia_common_ros2/cmake/rosidl_cmake_export_typesupport_targets-extras.cmake\n'}
[57.533464] (sonia_common_ros2) StdoutLine: {'line': b'-- Up-to-date: /home/nimai/ros2_sonia_ws/src/sonia_common_ros2/matlab_msg_gen/glnxa64/install/share/sonia_common_ros2/cmake/rosidl_cmake_export_typesupport_libraries-extras.cmake\n'}
[57.533644] (sonia_common_ros2) StdoutLine: {'line': b'-- Up-to-date: /home/nimai/ros2_sonia_ws/src/sonia_common_ros2/matlab_msg_gen/glnxa64/install/share/sonia_common_ros2/cmake/sonia_common_ros2Config.cmake\n'}
[57.533805] (sonia_common_ros2) StdoutLine: {'line': b'-- Up-to-date: /home/nimai/ros2_sonia_ws/src/sonia_common_ros2/matlab_msg_gen/glnxa64/install/share/sonia_common_ros2/cmake/sonia_common_ros2Config-version.cmake\n'}
[57.533998] (sonia_common_ros2) StdoutLine: {'line': b'-- Installing: /home/nimai/ros2_sonia_ws/src/sonia_common_ros2/matlab_msg_gen/glnxa64/install/share/sonia_common_ros2/package.xml\n'}
[57.535922] (sonia_common_ros2) CommandEnded: {'returncode': 0}
[57.581349] (-) TimerEvent: {}
[57.684800] (-) TimerEvent: {}
[57.790175] (-) TimerEvent: {}
[57.800489] (sonia_common_ros2) JobEnded: {'identifier': 'sonia_common_ros2', 'rc': 0}
[57.801488] (-) EventReactorShutdown: {}
